日経会社コード,企業名称,決算期,決算種別,連結基準,<貸借対照表（資産）>資産合計,<損益計算書（期首からの累計期間）>売上高・営業収益［累計］,<基本項目>純資産配当率［累計］,<貸借対照表（負債）>短期借入金・社債合計,<貸借対照表（負債）>長期借入金・社債・転換社債,<貸借対照表（純資産）>自己資本／親会社の所有者に帰属する資本,<貸借対照表（純資産）>資本金,<貸借対照表（純資産）>負債・純資産合計／資本及び負債合計,<損益計算書（期首からの累計期間）>税金等調整前当期純利益［累計］,<損益計算書（期首からの累計期間）>当期純利益（連結）［累計］,<【更新中止】連結剰余金計算書>（当期純利益）,<基本項目>期末発行済株式総数,<基本項目>期末発行済株式総数（遡及調整後）,<貸借対照表（純資産）>新株予約権,<貸借対照表（純資産）>純資産合計／資本合計,<貸借対照表（負債）>少数株主持分（米国会計基準）
0000169,オオバ,2020/05,10,0,12586,14580,,60,60,8159,2131,12586,1138,,,18250000,,230,8389,
0000740,リソルホールディングス,2020/03,10,0,32157,4763,,6383,10816,7540,3948,32157,387,,,5564200,,,7540,
0001516,任天堂,2020/03,10,0,1367766,1076852,,,,1051147,10065,1367766,297080,,,131669000,,,1051147,
0001636,日本ユニシス,2020/03,10,0,167588,178966,,5617,15717,103254,5483,167588,19609,,,109663524,,491,103745,
0001720,東天紅,2020/02,10,0,12714,6777,,479,579,10008,2572,12714,-226,,,2572871,,,10008,
0001722,丸紅建材リース,2020/03,10,0,30349,19466,,5280,3655,11461,2651,30349,872,,,3429440,,,11461,
0001724,ロイヤルホールディングス,2020/12,10,0,58676,5360,,27452,2695,22962,13676,58676,-11644,,,39554189,,,22962,
0001756,ジェコス,2020/03,10,0,88830,102850,,,4070,48066,4398,88830,5578,,,36436125,,,48066,
0001764,日本空調サービス,2020/03,10,0,24768,35400,,1276,,14770,1139,24768,2673,,,35784000,,253,15023,
0001766,ソラスト,2020/03,10,0,50046,77634,,7105,12132,16125,583,50046,6033,,,94325700,,8,16133,
0001984,鈴与シンワート,2020/03,10,0,9193,11500,,1560,1863,1766,802,9193,235,,,3000000,,,1766,
0002031,コナミホールディングス,2020/03,10,0,278767,38747,,25000,10019,238758,47398,278767,35466,,,143500000,,,238758,
0002088,東京会館,2020/03,10,0,25391,11504,,430,9525,9258,3700,25391,69,,,3463943,,,9258,
0002099,白洋舎,2020/12,10,0,28845,29572,,7136,4385,5517,2410,28845,-1852,,,3900000,,,5517,
0002104,セコム,2020/03,10,0,947194,398929,,22565,,812878,66401,947194,90097,,,233293998,,,812878,
0002105,ＫＮＴ−ＣＴホールディングス,2020/03,10,0,69327,11138,,16370,,12446,8041,69327,-3719,,,27331013,,,12446,
0002310,伊藤忠テクノソリューションズ,2020/03,10,0,383736,424723,,,,216492,21763,383736,31264,,,240000000,,,216492,
0002388,モスフードサービス,2020/03,10,0,54713,50280,,,1825,41153,11412,54713,580,,,32009910,,,41153,
0002389,いであ,2020/12,10,0,26114,19423,,1025,100,17934,3173,26114,2109,,,7499025,,,17934,
0002397,綜合警備保障,2020/03,10,0,299151,243265,,29440,3430,206558,18675,299151,28516,,,102040042,,,206558,
0002496,ジャステック,2020/11,10,0,21688,17452,,,,17696,2238,21688,2109,,,18287000,,165,17861,
0002641,テンアライド,2020/03,10,0,8309,14567,,600,,4387,5257,8309,-795,,,26579527,,,4387,
0003006,アイネット,2020/03,10,0,27681,21979,,2853,5582,14002,3203,27681,1923,,,16242424,,,14002,
0003128,セコム上信越,2020/03,10,0,49443,21744,,,,43341,3530,49443,3864,,,13109501,,,43341,
0003255,アドソル日進,2020/03,10,0,7613,13315,,205,87,4436,524,7613,1235,,,9299460,,118,4554,
0003443,ビー・エム・エル,2020/03,10,0,91790,95002,,910,,59733,6045,91790,6956,,,44014726,,59,59792,
0003504,キーウェアソリューションズ,2020/03,10,0,6899,12360,,1256,93,3731,1737,6899,254,,,9110000,,,3731,
0003556,ラックランド,2020/12,10,0,22226,28250,,3262,3028,8628,3341,22226,-582,,,9709400,,6,8634,
0003740,ＩＤホールディングス,2020/03,10,0,10115,1058,,2099,249,7395,592,10115,327,,,12044302,,8,7403,
0003787,表示灯,2020/03,10,0,12065,13065,,39,18,5173,153,12065,1182,,,777449,,,5173,
0004000,学究社,2020/03,10,0,8631,9757,,905,1454,4035,1216,8631,1310,,,11212292,,,4035,
0004110,野村総合研究所,2020/03,10,0,479273,417495,,8067,91186,260051,20067,479273,96073,,,640000000,,636,260687,
0004459,ＳＣＳＫ,2020/03,10,0,346486,304637,,25000,30000,201551,21152,346486,34525,,,104181803,,30,201581,
0004802,クロスキャット,2020/03,10,0,4706,8257,,300,,2885,1000,4706,628,,,9210960,,,2885,
0004820,ＪＦＥシステムズ,2020/03,10,0,32861,42431,,,,17119,1390,32861,4215,,,7853000,,,17119,
0005161,ビケンテクノ,2020/03,10,0,33153,31827,,5983,8319,13337,1808,33153,1067,,,7718722,,,13337,
0005262,ＴＫＣ,2020/09,10,0,89767,63070,,,,74714,5700,89767,11073,,,26731033,,,74714,
0005290,富士ソフト,2020/12,10,0,190298,164094,,31962,19000,106020,26200,190298,10054,,,33700000,,155,106175,
0005422,インフォコム,2020/03,10,0,37511,23070,,,,23607,1590,37511,4635,,,57600000,,177,23784,
0005590,電通国際情報サービス,2020/12,10,0,88944,92234,,,,52640,8180,88944,9099,,,32591240,,,52640,
0005754,トランスコスモス,2020/03,10,0,108635,227643,,10007,,61354,29065,108635,5907,,,48794046,,,61354,
0005755,ビジネスブレイン太田昭和,2020/03,10,0,12826,15018,,1000,275,7680,2233,12826,1457,,,8000000,,,7680,
0005757,旭情報サービス,2020/03,10,0,10839,12055,,260,,8447,733,10839,1181,,,8264850,,,8447,
0005799,インテリジェント　ウェイブ,2020/06,10,0,10552,10920,,,,6983,843,10552,1074,,,26340000,,,6983,
0006550,スクウェア・エニックス・ホール,2020/03,10,0,122666,9801,,,,112145,24039,122666,7452,,,122531596,,608,112753,
0006742,アルトナー,2020/01,10,0,3801,7002,,,,2728,238,3801,893,,,10627920,,,2728,
0007220,グルメ杵屋,2020/03,10,0,26839,1933,,2926,9008,11949,5838,26839,-975,,,22610359,,,11949,
0007571,ソルクシーズ,2020/12,10,0,7899,9067,,961,743,4265,1494,7899,798,,,13410297,,1,4266,
0007633,船井総研ホールディングス,2020/12,10,0,17536,5589,,718,100,15408,3125,17536,2975,,,52500000,,646,16054,
0007649,ＮＳＤ,2020/03,10,0,53373,57593,,,,45536,7205,53373,8957,,,92344320,,,45536,
0007652,進学会ホールディングス,2020/03,10,0,28155,765,,2903,,24660,3984,28155,-962,,,20031000,,,24660,
0007675,吉野家ホールディングス,2020/02,10,0,103946,62018,,15590,25743,46847,10265,103946,-813,,,65129558,,,46847,
0007685,カプコン,2020/03,10,0,149533,68206,,15770,2606,94326,33239,149533,24080,,,135446488,,,94326,
0007687,松屋フーズホールディングス,2020/03,10,0,54456,4121,,2276,10628,39842,6655,54456,1856,,,19063968,,,39842,
0007790,スペース,2020/12,10,0,33675,39643,,,,28362,3395,33675,1926,,,26600319,,,28362,
0008159,日本システムウエア,2020/03,10,0,29796,36255,,,,20985,5500,29796,3740,,,14900000,,,20985,
0008252,アイ・エス・ビー,2020/12,10,0,10398,12188,,140,,8231,2332,10398,1040,,,5669952,,,8231,
0008746,明光ネットワークジャパン,2020/08,10,0,11871,11796,,,,9790,972,11871,-1256,,,27803600,,,9790,
0009329,元気寿司,2020/03,10,0,19226,39614,,712,459,7953,1151,19226,1336,,,8882908,,,7953,
0009343,サイネックス,2020/03,10,0,9929,8522,,500,,6705,750,9929,572,,,6470660,,,6705,
0009793,ゼンリン,2020/03,10,0,57670,41386,,650,9193,34267,6557,57670,4087,,,57301365,,,34267,
0010056,ヴィア・ホールディングス,2020/03,10,0,9363,950,,7501,,878,4935,9363,-2827,,,32369400,,3,881,
0010712,サガミホールディングス,2020/03,10,0,15939,2576,,454,1747,12222,7178,15939,-945,,,26501784,,,12222,
0010782,大塚商会,2020/12,10,0,431736,750492,,3800,1700,250316,10374,431736,52047,,,190002120,,,250316,
0011350,日鉄ソリューションズ,2020/03,10,0,231148,238423,,,,125938,12952,231148,24488,,,94704740,,,125938,
0011693,建設技術研究所,2020/12,10,0,52628,44322,,,,33610,3025,52628,5047,,,14159086,,,33610,
0011780,さくらケーシーエス,2020/03,10,0,20250,22865,,,,14630,2054,20250,675,,,11200000,,,14630,
0011958,ＡＧＳ,2020/03,10,0,15010,15843,,,,11044,1431,15010,487,,,17845932,,,11044,
0011973,ＮＪＳ,2020/12,10,0,24853,14683,,,,19708,520,24853,2268,,,10048000,,,19708,
0012063,ＳＲＳホールディングス,2020/03,10,0,29063,18436,,3764,8877,12549,8532,29063,-2150,,,34770184,,,12549,
0012224,ダイセキ,2020/02,10,0,72540,33545,,,1000,64039,6382,72540,9008,,,43000000,,,64039,
0012621,サニックス,2020/03,10,0,26947,49288,,9921,672,3075,14041,26947,1598,,,48919396,,,3075,
0013284,ダスキン,2020/03,10,0,169444,127838,,,,116019,11352,169444,7765,,,50994823,,50,116069,
0013332,タナベ経営,2020/03,10,0,12887,9137,,,,10969,1772,12887,1045,,,8754200,,12,10981,
0013372,丹青社,2020/01,10,0,49210,77921,,,146,26883,4026,49210,5884,,,48424071,,,26883,
0013632,電算,2020/03,10,0,18585,14405,,3218,1362,7697,1395,18585,287,,,5837200,,18,7715,
0013633,電通グループ,2020/12,10,0,1093173,36054,,160218,261520,616425,74609,1093173,-225682,,,288410000,,,616425,
0013676,トーカイ,2020/03,10,0,57099,46845,,6149,352,41150,8108,57099,3964,,,36041346,,,41150,
0014000,東洋テック,2020/03,10,0,26802,16859,,679,2848,19441,4618,26802,586,,,11440000,,,19441,
0014091,ＤＴＳ,2020/03,10,0,63231,67700,,,,52842,6113,63231,9222,,,50444532,,,52842,
0014276,アルファシステムズ,2020/03,10,0,42807,30825,,,,34874,8500,42807,3408,,,14052400,,,34874,
0014563,日建工学,2020/03,10,0,5608,5886,,620,637,2003,1004,5608,33,,,1862254,,,2003,
0014848,日本ＫＦＣホールディングス,2020/03,10,0,20989,6515,,,,19532,7297,20989,2132,,,22423761,,,19532,
0014933,コア,2020/03,10,0,15029,16413,,1029,700,9560,440,15029,1434,,,14834580,,17,9577,
0015367,ＣＩＪ,2020/06,10,0,13725,12353,,120,,11976,2270,13725,1052,,,19555080,,,11976,
0015575,Ｈ．Ｕ．グループホールディング,2020/03,10,0,161349,40077,,14166,51216,66736,9147,161349,31098,,,57387861,,141,66877,
0016001,ナガワ,2020/03,10,0,49968,28789,,,,44767,2855,49968,3200,,,16357214,,,44767,
0016046,ミロク情報サービス,2020/03,10,0,36374,31898,,990,12140,17661,3198,36374,2341,,,34806286,,,17661,
0016083,プレナス,2020/02,10,0,81366,138023,,,,53173,3461,81366,-4518,,,44392680,,236,53409,
0016135,ピー・シー・エー,2020/03,10,0,19978,13379,,,,12357,890,19978,2205,,,7700000,,,12357,
0016142,燦ホールディングス,2020/03,10,0,29239,5549,,1300,,26686,2568,29239,1994,,,12164016,,,26686,
0016154,長大,2020/09,10,0,18867,17168,,52,182,12016,3107,18867,2223,,,9416000,,,12016,
0016191,カッパ・クリエイト,2020/03,10,0,27097,62499,,1490,3005,12081,9800,27097,482,,,49414578,,,12081,
0016203,三菱総合研究所,2020/09,10,0,54978,32686,,400,1300,40445,6336,54978,3581,,,16424080,,,40445,
0016236,ステップ,2020/09,10,0,26036,10927,,1871,1518,21060,1778,26036,1968,,,16670000,,,21060,
0016284,ナック,2020/03,10,0,39436,31583,,6005,3900,23091,6729,39436,2011,,,24306750,,,23091,
0016365,オリジナル設計,2020/12,10,0,7022,6274,,,,5699,1093,7022,625,,,7796800,,,5699,
0016438,ぴあ,2020/03,10,0,57402,162319,,3394,9205,6088,4924,57402,283,,,14657613,,,6088,
0017042,都築電気,2020/03,10,0,67826,110732,,4447,4100,26597,9812,67826,3649,,,22177894,,,26597,
0018100,シーイーシー,2020/01,10,0,33724,39089,,350,,26135,6586,33724,3980,,,37600000,,179,26314,
0018289,バリューコマース,2020/12,10,0,22236,27160,,,,14893,1728,22236,6513,,,34471000,,5,14898,
0018308,ＮＣＳ＆Ａ,2020/03,10,0,16187,19556,,,,9393,3775,16187,794,,,20000000,,,9393,
0018332,王将フードサービス,2020/03,10,0,67733,85277,,2842,1995,50535,8166,67733,8019,,,23286230,,,50535,
0018359,ＪＢＣＣホールディングス,2020/03,10,0,21479,2360,,,,11526,4713,21479,826,,,17773743,,,11526,
0018371,メンバーズ,2020/03,10,0,6074,10498,,,,3855,901,6074,1042,,,12938100,,56,3911,
0018395,ＹＥ　ＤＩＧＩＴＡＬ,2020/02,10,0,9103,13129,,,,3377,702,9103,472,,,18127200,,85,3462,
0018454,オービック,2020/03,10,0,215058,70811,,,,192229,19178,215058,44169,,,99600000,,,192229,
0018993,アルプス技研,2020/12,10,0,18016,29630,,700,,11492,2347,18016,4162,,,24746675,,,11492,
0019072,ワタミ,2020/03,10,0,41261,81044,,7006,4808,15518,4410,41261,-1082,,,41686780,,98,15616,
0019228,大庄,2020/08,10,0,37430,35565,,3314,11932,14616,100,37430,-5604,,,21198962,,,14616,
0019335,京進,2020/05,10,0,15864,12439,,6182,3648,2261,327,15864,-193,,,8396000,,,2261,
0019456,インテージホールディングス,2020/06,10,0,23002,4204,,2190,300,19262,2378,23002,1830,,,40426000,,,19262,
0019498,イーソル,2020/12,10,0,7277,8731,,,,5665,1041,7277,788,,,21460800,,,5665,
0019524,キューブシステム,2020/03,10,0,7572,13529,,240,,5315,768,7572,822,,,15279840,,,5315,
0019533,図研エルミック,2020/03,10,0,822,770,,,,623,500,822,3,,,6284944,,,623,
0019580,福井コンピュータホールディング,2020/03,10,0,10281,4637,,,,9491,1631,10281,3111,,,20700000,,,9491,
0019677,セック,2020/03,10,0,7514,6343,,36,,6251,477,7514,999,,,5120000,,,6251,
0019717,りらいあコミュニケーションズ,2020/03,10,0,51292,96510,,,,35604,998,51292,9278,,,69503040,,,35604,
0019727,エイチ・アイ・エス,2020/10,10,0,255945,159261,,35679,167572,24499,15000,255945,-9605,,,68768936,,178,24677,
0019755,ソリトンシステムズ,2020/12,10,0,15389,15863,,100,25,6999,1326,15389,1417,,,19738888,,,6999,
0020263,ダイサン,2020/04,10,0,9795,8570,,199,833,7055,566,9795,450,,,7618000,,,7055,
0020364,ハイデイ日高,2020/02,10,0,32498,42209,,,,26235,1625,32498,3893,,,38147116,,,26235,
0021226,幸楽苑ホールディングス,2020/03,10,0,14037,12554,,748,2216,6060,2988,14037,-1008,,,16774841,,,6060,
0021426,ジャストシステム,2020/03,10,0,64316,36317,,,,50698,10146,64316,13083,,,64224800,,,50698,
0021512,ＯＤＫソリューションズ,2020/03,10,0,7509,5048,,120,89,5633,637,7509,506,,,8200000,,,5633,
0021606,ユー・エス・エス,2020/03,10,0,213696,56854,,,,187382,18881,213696,39026,,,313250000,,494,187876,
0021656,応用地質,2020/12,10,0,63886,28591,,,,55373,16174,63886,2144,,,27582573,,,55373,
0021934,マルシェ,2020/03,10,0,4213,8362,,,,2467,1510,4213,-326,,,8550400,,,2467,
0021989,ネットワンシステムズ,2020/03,10,0,120454,146541,,,,57304,12279,120454,12432,,,86000000,,180,57484,
0022005,学研ホールディングス,2020/09,10,0,64809,4443,,15014,17792,29758,18357,64809,732,,,42383232,,275,30033,
0022046,新日本科学,2020/03,10,0,37929,13167,,5872,7335,16569,9679,37929,-2459,,,41632400,,,16569,
0022095,兼松エレクトロニクス,2020/03,10,0,60386,62445,,,,44107,9031,60386,8320,,,28633952,,,44107,
0022211,サイゼリヤ,2020/08,10,0,90518,95284,,10000,,63864,8612,90518,-5464,,,52272342,,673,64537,
0022380,木曽路,2020/03,10,0,38160,43924,,920,,29210,10056,38160,1094,,,25913889,,,29210,
0022658,プロトコーポレーション,2020/03,10,0,32988,30077,,,,28391,1849,32988,5354,,,41925300,,,28391,
0022750,秀英予備校,2020/03,10,0,11084,10814,,1167,893,4461,2089,11084,621,,,6710000,,,4461,
0023149,ブロンコビリー,2020/12,10,0,24495,17272,,66,5000,17160,2210,24495,-413,,,15079000,,66,17226,
0023364,ＭＳ−Ｊａｐａｎ,2020/03,10,0,8806,4098,,,,7961,583,8806,2064,,,24945600,,,7961,
0023420,エイベックス,2020/03,10,0,93002,15175,,19057,4550,40610,4392,93002,4134,,,45223600,,370,40980,
0023793,インターネットイニシアティブ,2020/03,10,0,152680,171844,,19030,12200,68159,22991,152680,6571,,,46734600,,389,68548,
0024109,イオンディライト,2020/02,10,0,125597,254342,,,,81490,3238,125597,12117,,,54169633,,186,81676,
0024144,アドバンスト・メディア,2020/03,10,0,11319,4038,,,,10444,6871,11319,926,,,18272724,,16,10460,
0024286,デジタルアーツ,2020/03,10,0,10839,5336,,,,8696,713,10839,2343,,,14133000,,18,8714,
0024545,ルネサンス,2020/03,10,0,39808,44834,,5150,2250,16328,2210,39808,2405,,,21379000,,,16328,
0024617,メディア工房,2020/08,10,0,3209,1681,,959,864,1180,451,3209,-203,,,11300000,,,1180,
0024635,アルファポリス,2020/03,10,0,7614,5631,,20,57,6148,863,7614,1389,,,9687400,,,6148,
0024790,テクマトリックス,2020/03,10,0,22967,20912,,600,900,10589,1298,22967,2182,,,22259200,,77,10666,
0024821,メディネット,2020/09,10,0,5249,783,,,,4761,8849,5249,-836,,,160830423,,45,4806,
0024921,ＣＳＰ,2020/02,10,0,45825,55696,,2641,1788,22515,2924,45825,3499,,,14816692,,,22515,
0025424,スタジオアリス,2020/02,10,0,24240,37003,,,,15141,1885,24240,1087,,,17185650,,,15141,
0025965,アイティフォー,2020/03,10,0,15955,13982,,,,12351,1124,15955,1721,,,29430000,,34,12385,
0026278,ＴＤＣソフト,2020/03,10,0,15986,26381,,430,,11686,970,15986,2157,,,25113600,,,11686,
0026636,梅の花,2020/04,10,0,23939,11056,,5812,12698,3961,5082,23939,-3940,,,8209200,,,3961,
0026648,東海リース,2020/03,10,0,34380,14310,,5139,5436,13815,8032,34380,294,,,3494322,,,13815,
0027456,ピーエイ,2020/12,10,0,1362,849,,540,260,404,514,1362,-130,,,11229800,,,404,
0027852,西尾レントオール,2020/09,10,0,173980,93675,,6189,13513,91856,8100,173980,8844,,,28391464,,19,91875,
0028635,ＮＥＣネッツエスアイ,2020/03,10,0,202413,242776,,,3000,106933,13122,202413,10472,,,49773807,,,106933,
0028736,フレンドリー,2020/03,10,0,2937,6749,,93,2290,-1028,100,2937,-2603,,,2855699,,,-1028,
0028841,リクルートホールディングス,2020/03,10,0,1409458,102061,,318178,112393,871080,40000,1409458,94090,,,1695960030,,1719,872799,
0028914,乃村工芸社,2020/02,10,0,84883,112241,,6569,,41281,6497,84883,9634,,,119896588,,,41281,
0029133,リンガーハット,2020/02,10,0,30137,21474,,2543,4047,17406,9002,30137,619,,,26067972,,,17406,
0029558,富士ソフトサービスビューロ,2020/12,10,0,4749,9942,,99,275,2760,354,4749,537,,,13500000,,,2760,
0029841,キャリアデザインセンター,2020/09,10,0,4318,6486,,45,,3155,558,4318,-497,,,7054400,,,3155,
0029850,マーベラス,2020/03,10,0,24062,21890,,200,,18544,1128,24062,3846,,,53593100,,,18544,
0029858,アステリア,2020/03,10,0,7198,1998,,242,785,5448,2275,7198,717,,,17491265,,,5448,
0029869,フリービット,2020/04,10,0,25519,11985,,2774,10314,10138,4514,25519,806,,,23414000,,1,10139,
0029871,ギグワークス,2020/10,10,0,7318,1667,,1000,2911,2893,1045,7318,608,,,7282570,,84,2977,
0029874,いい生活,2020/03,10,0,1972,2123,,,,1605,628,1972,75,,,7280700,,,1605,
0029900,エンバイオ・ホールディングス,2020/03,10,0,8796,643,,1077,3574,3621,1786,8796,253,,,6571200,,,3621,
0029959,神戸天然物化学,2020/03,10,0,12770,6347,,459,968,9827,1969,12770,704,,,7744900,,,9827,
0029981,ハイマックス,2020/03,10,0,9630,14688,,,,7452,689,9630,964,,,6206496,,,7452,
0029982,ベネッセホールディングス,2020/03,10,0,189478,15211,,13805,20000,143962,13700,189478,-12031,,,102513199,,105,144067,
0030025,ダイオーズ,2020/03,10,0,5104,718,,100,,4831,1051,5104,225,,,13439142,,,4831,
0030032,システムソフト,2020/09,10,0,5089,1605,,100,480,4226,1511,5089,-465,,,68040560,,13,4239,
0030058,ファルコホールディングス,2020/03,10,0,20652,2423,,2540,281,17155,3371,20652,1258,,,11280177,,98,17253,
0030070,クレスコ,2020/03,10,0,22203,23034,,2460,1790,13197,2514,22203,2437,,,24000000,,8,13205,
0030077,ゼンショーホールディングス,2020/03,10,0,350250,254937,,45706,151464,79891,26996,350250,7352,,,154862825,,,79891,
0030084,田谷,2020/03,10,0,5028,8746,,660,742,2039,1480,5028,-339,,,5100000,,,2039,
0030092,ＩＭＡＧＩＣＡ　ＧＲＯＵＰ,2020/03,10,0,29548,3286,,6575,725,20356,3306,29548,2845,,,44741467,,11,20367,
0030102,Ｚホールディングス,2020/03,10,0,1402020,215005,,465470,345000,578194,237422,1402020,50650,,,4822507465,,126,578320,
0030139,トレンドマイクロ,2020/12,10,0,177911,71945,,,,79536,19104,177911,28345,,,140629204,,1220,80756,
0030157,アルゴグラフィックス,2020/03,10,0,39288,37424,,,,26922,1873,39288,5421,,,22354000,,,26922,
0030160,リソー教育,2020/02,10,0,9223,13273,,,,4553,2890,9223,2008,,,156209829,,48,4601,
0030163,日本オラクル,2020/05,10,0,294139,211357,,,,191206,24884,294139,68872,,,128184271,,156,191362,
0030168,早稲田アカデミー,2020/03,10,0,14075,23183,,,,7903,968,14075,1218,,,16669952,,,7903,
0030179,フューチャー,2020/12,10,0,41118,8854,,,,34113,4000,41118,5037,,,47664000,,,34113,
0030183,ＳＢテクノロジー,2020/03,10,0,29178,52220,,1150,,14888,1176,29178,1917,,,22663200,,202,15090,
0030188,トーセ,2020/08,10,0,6833,5349,,,,5833,967,6833,317,,,7763040,,25,5858,
0030196,リログループ,2020/03,10,0,126541,10457,,48053,40226,21902,2667,126541,8377,,,152951200,,125,22027,
0030203,オービックビジネスコンサルタン,2020/03,10,0,143129,30068,,,,118525,10519,143129,14289,,,80704000,,,118525,
0030204,コロワイド,2020/03,10,0,91500,3862,,17184,44793,28203,14030,91500,613,,,75284041,,,28203,
0030222,グローバルダイニング,2020/12,10,0,6082,5240,,980,904,2162,30,6082,-2213,,,10232800,,11,2173,
0030232,壱番屋,2020/02,10,0,44623,45618,,,,30800,1503,44623,4870,,,31926000,,,30800,
0030241,東京個別指導学院,2020/02,10,0,13199,21261,,,,9630,642,13199,2923,,,54291435,,,9630,
0030248,サイバーエージェント,2020/09,10,0,189322,260611,,,40331,107778,7203,189322,22997,,,126426600,,963,108741,
0030254,楽天グループ,2020/12,10,0,2373188,657434,,164166,794689,479796,205924,2373188,19878,,,1434573900,,25818,505614,
0030256,ネクシィーズグループ,2020/09,10,0,13352,10206,,2300,4054,4968,1189,13352,2091,,,13413640,,5,4973,
0030268,エックスネット,2020/03,10,0,7865,4670,,,,6737,783,7865,732,,,8261600,,,6737,
0030269,クリーク・アンド・リバー社,2020/02,10,0,13004,23862,,1846,845,5933,1035,13004,1185,,,22609000,,11,5944,
0030271,モーニングスター,2020/03,10,0,9202,2943,,2000,,6770,2115,9202,1167,,,83973600,,,6770,
0030276,テー・オー・ダブリュー,2020/06,10,0,14729,16305,,540,,9502,948,14729,1877,,,48969096,,45,9547,
0030287,アスモ,2020/03,10,0,3679,504,,,,3493,2323,3679,361,,,15145175,,,3493,
0030290,サイボウズ,2020/12,10,0,11573,15299,,,,5571,613,11573,2668,,,52757800,,,5571,
0030317,山田コンサルティンググループ,2020/03,10,0,14234,12612,,500,50,11419,1599,14234,1483,,,19896000,,27,11446,
0030320,インプレスホールディングス,2020/03,10,0,9218,663,,450,187,6679,5341,9218,-24,,,37371500,,,6679,
0030363,デジタルガレージ,2020/03,10,0,73795,32818,,3753,38771,22376,7591,73795,776,,,47406800,,1030,23406,
0030372,ＲＶＨ,2020/03,10,0,12524,252,,6061,,3331,1678,12524,-5193,,,19330560,,,3331,
0030376,メディアシーク,2020/07,10,0,4553,854,,72,92,3427,823,4553,83,,,9766800,,,3427,
0030377,ウェザーニューズ,2020/05,10,0,16644,17729,,,,13862,1706,16644,2162,,,11844000,,84,13946,
0030381,ビジネスエンジニアリング,2020/03,10,0,8184,17264,,107,,4607,697,8184,1183,,,6000000,,,4607,
0030385,日本エンタープライズ,2020/05,10,0,4465,1429,,,,4220,1108,4465,96,,,40133000,,4,4224,
0030386,ＡＣＣＥＳＳ,2020/01,10,0,31792,5423,,,,30679,29424,31792,931,,,39375600,,35,30714,
0030412,くら寿司,2020/10,10,0,65887,123160,,,,41504,2005,65887,2310,,,20699800,,,41504,
0030414,スカラ,2020/06,10,0,12600,1114,,4622,3655,3937,1721,12600,352,,,17509859,,5,3942,
0030418,フルキャストホールディングス,2020/12,10,0,14681,7035,,1000,,11936,2780,14681,5112,,,38486400,,162,12098,
0030419,エン・ジャパン,2020/03,10,0,47625,37852,,,500,37897,1194,47625,9336,,,49716000,,154,38051,
0030429,ＥＰＳホールディングス,2020/09,10,0,46041,3330,,13305,200,31321,3888,46041,163,,,46311389,,,31321,
0030433,レッグス,2020/12,10,0,13645,16925,,1353,1801,7000,350,13645,1869,,,10840000,,49,7049,
0030452,プレステージ・インターナショナ,2020/03,10,0,21639,1325,,1687,500,15085,1494,21639,384,,,128036200,,111,15196,
0030462,フェイス,2020/03,10,0,17551,2153,,185,322,16192,3218,17551,-1469,,,13831091,,,16192,
0030475,アミューズ,2020/03,10,0,41810,45210,,,,29215,1587,41810,3289,,,18623520,,,29215,
0030487,Ｊストリーム,2020/03,10,0,5000,6079,,,,3917,2182,5000,542,,,14028700,,,3917,
0030488,ドリームインキュベータ,2020/03,10,0,12961,3142,,986,912,10322,4978,12961,-161,,,10381400,,40,10362,
0030492,サイバネットシステム,2020/12,10,0,19174,17109,,,,13585,995,19174,1982,,,32076000,,,13585,
0030502,クイック,2020/03,10,0,11074,13760,,74,,8389,351,11074,2505,,,19098576,,,8389,
0030504,ＴＡＣ,2020/03,10,0,18774,19577,,1931,3256,4197,940,18774,150,,,18504000,,,4197,
0030508,ＣＥホールディングス,2020/09,10,0,4957,528,,531,1178,3176,1165,4957,93,,,15139000,,,3176,
0030512,日本システム技術,2020/03,10,0,12109,14427,,1500,,6539,1076,12109,352,,,5612230,,,6539,
0030537,テイクアンドギヴ・ニーズ,2020/03,10,0,50685,46372,,6050,11550,21337,5264,50685,1918,,,13059330,,,21337,
0030543,東邦システムサイエンス,2020/03,10,0,10313,11686,,,,7081,526,10313,923,,,13865992,,,7081,
0030560,西菱電機,2020/03,10,0,10861,16058,,1400,,4883,523,10861,301,,,3500000,,,4883,
0030563,ソースネクスト,2020/03,10,0,17018,17404,,422,593,12029,3688,17018,533,,,136241200,,118,12147,
0030565,シーティーエス,2020/03,10,0,11261,8699,,,,7476,425,11261,1691,,,43400000,,,7476,
0030578,アドバンスクリエイト,2020/09,10,0,8868,9107,,200,927,4892,2954,8868,988,,,11037600,,3,4895,
0030590,学情,2020/10,10,0,11967,5720,,,,10931,1500,11967,1354,,,15560000,,30,10961,
0030599,シミックホールディングス,2020/09,10,0,45044,4127,,24363,3678,14815,3087,45044,372,,,18923569,,,14815,
0030602,エプコ,2020/12,10,0,5176,3850,,,,4186,87,5176,760,,,9316000,,,4186,
0030611,システナ,2020/03,10,0,33524,58824,,1550,,21512,1513,33524,7381,,,112720000,,,21512,
0030642,ＪＰホールディングス,2020/03,10,0,17106,2360,,1657,9690,5197,1603,17106,820,,,87849400,,,5197,
0030651,クオンタムソリューションズ,2020/02,10,0,1346,151,,,385,882,2409,1346,-281,,,10812361,,32,914,
0030662,フジオフードグループ本社,2020/12,10,0,22406,13052,,8777,6163,4994,2210,22406,-3589,,,44584660,,5,4999,
0030665,あみやき亭,2020/03,10,0,22267,22544,,,,19372,2473,22267,1039,,,6848800,,,19372,
0030673,ＡＳＪ,2020/03,10,0,3519,703,,93,102,2872,1373,3519,7,,,7947100,,,2872,
0030688,三光マーケティングフーズ,2020/06,10,0,4546,7391,,,,1997,2912,4546,-2716,,,15826500,,,1997,
0030691,ひらまつ,2020/03,10,0,21602,9841,,2522,9322,7277,1213,21602,-2093,,,48604200,,110,7387,
0030722,情報企画,2020/09,10,0,5860,3035,,,,4488,326,5860,1117,,,4090000,,,4488,
0030767,カカクコム,2020/03,10,0,50144,54665,,,,41209,915,50144,25145,,,206705000,,209,41418,
0030768,アイロムグループ,2020/03,10,0,10623,2044,,1878,1512,6822,3720,10623,700,,,12048865,,40,6862,
0030796,総医研ホールディングス,2020/06,10,0,4073,424,,,,4055,1836,4073,108,,,26158200,,,4055,
0030797,アプリックス,2020/12,10,0,2354,784,,200,,2019,2443,2354,-72,,,22138630,,24,2043,
0030814,東祥,2020/03,10,0,57036,28046,,3789,12209,32169,1580,57036,8482,,,38315000,,,32169,
0030822,デジタルホールディングス,2020/12,10,0,46658,5546,,2233,8000,27634,8212,46658,4990,,,23817700,,,27634,
0030824,明豊ファシリティワークス,2020/03,10,0,5519,4353,,,,4056,543,5519,906,,,12775900,,71,4127,
0030828,ワイズテーブルコーポレーション,2020/02,10,0,5134,13718,,883,763,437,830,5134,215,,,2660900,,30,467,
0030833,日本ケアサプライ,2020/03,10,0,17990,18750,,,,13532,2897,17990,2137,,,16342400,,,13532,
0030880,アマナ,2020/12,10,0,11306,15040,,6931,2219,-781,1097,11306,-2551,,,5408000,,,-781,
0030909,インタートレード,2020/09,10,0,1296,2086,,200,,756,1478,1296,79,,,7444800,,,756,
0030912,ベネフィット・ワン,2020/03,10,0,30254,34597,,,,17196,1527,30254,8801,,,159970000,,,17196,
0030916,エムスリー,2020/03,10,0,163203,27012,,,,122510,28925,163203,16950,,,678645600,,364,122874,
0030933,ＦＲＡＣＴＡＬＥ,2020/03,10,0,9819,235,,300,5550,3943,100,9819,449,,,7183195,,,3943,
0030938,日本アジアグループ,2020/03,10,0,38330,2942,,6423,14245,15754,4024,38330,-3540,,,27763880,,,15754,
0030943,ツカダ・グローバルホールディン,2020/12,10,0,82867,6236,,4812,44797,26320,472,82867,-1449,,,48960000,,,26320,
0030944,フライトホールディングス,2020/03,10,0,1175,340,,96,404,575,1205,1175,77,,,9456500,,,575,
0030971,アウトソーシング,2020/12,10,0,163694,41837,,64783,36013,56671,25214,163694,2482,,,125909300,,,56671,
0030978,ウェルネット,2020/06,10,0,20074,9379,,740,,6937,667,20074,718,,,19400000,,72,7009,
0030991,ワールドホールディングス,2020/12,10,0,42185,1759,,12375,10942,18566,1244,42185,1787,,,17566900,,49,18615,
0030998,ディー・エヌ・エー,2020/03,10,0,193508,80257,,3000,,154197,10397,193508,2107,,,150810033,,686,154883,
0031003,プロシップ,2020/03,10,0,10788,4936,,,,8974,508,10788,1535,,,15232000,,133,9107,
0031005,エフオン,2020/06,10,0,16878,6010,,691,2244,9145,2292,16878,1271,,,21638199,,8,9153,
0031007,ガンホー・オンライン・エンター,2020/12,10,0,100150,62643,,,,91492,5338,100150,18568,,,95210316,,988,92480,
0031014,リスクモンスター,2020/03,10,0,4336,2294,,60,215,3577,1155,4336,291,,,3773461,,,3577,
0031021,ＧＭＯペイメントゲートウェイ,2020/09,10,0,134678,18885,,11000,17403,25856,4712,134678,7485,,,74301000,,,25856,
0031035,アスカネット,2020/04,10,0,6607,6575,,,,5750,490,6607,695,,,17464000,,,5750,
0031039,ソフトクリエイトホールディング,2020/03,10,0,5392,1969,,,,4817,854,5392,831,,,13775139,,,4817,
0031043,ぐるなび,2020/03,10,0,23236,30894,,,,18486,2334,23236,1535,,,48675100,,59,18545,
0031047,ザッパラス,2020/04,10,0,6267,990,,,,6166,1476,6267,-328,,,13651000,,,6166,
0031048,関門海,2020/03,10,0,3739,1640,,2060,695,702,1048,3739,-398,,,13146900,,,702,
0031055,システムリサーチ,2020/03,10,0,10738,16242,,789,686,6338,550,10738,1723,,,8360000,,,6338,
0031085,ジャパンベストレスキューシステ,2020/09,10,0,12603,6842,,531,2357,6824,780,12603,1094,,,34688000,,,6824,
0031099,クリエイト・レストランツ・ホー,2020/02,10,0,68301,5717,,26900,19976,11340,1012,68301,-760,,,94722642,,,11340,
0031112,さくらインターネット,2020/03,10,0,27326,18547,,3086,4133,7395,2256,27326,160,,,37620700,,,7395,
0031121,アウンコンサルティング,2020/05,10,0,1017,1683,,47,138,642,341,1017,-53,,,7502800,,,642,
0031130,ディー・ディー・エス,2020/12,10,0,3300,990,,,,2860,1520,3300,-211,,,48210300,,2,2862,
0031134,ファンコミュニケーションズ,2020/12,10,0,25681,27676,,,,20300,1173,25681,2925,,,76930032,,63,20363,
0031142,ヴィンクス,2020/12,10,0,16833,24489,,1706,1217,7749,596,16833,1565,,,17718000,,410,8159,
0031145,ライク,2020/05,10,0,11151,1172,,5819,559,4530,1512,11151,634,,,20301600,,,4530,
0031151,ビジネス・ブレークスルー,2020/03,10,0,5867,2856,,817,357,3934,1818,5867,88,,,14264100,,,3934,
0031154,テクノマセマティカル,2020/03,10,0,2654,524,,,,2572,2032,2654,-173,,,2593100,,,2572,
0031165,ＧＭＯグローバルサイン・ホール,2020/12,10,0,5918,6225,,300,,3993,916,5918,722,,,11693000,,,3993,
0031174,フュートレック,2020/03,10,0,3568,1349,,100,700,2587,733,3568,-77,,,9504200,,,2587,
0031180,ドリコム,2020/03,10,0,6260,10006,,1871,285,2069,1735,6260,665,,,28894000,,53,2122,
0031187,トリドールホールディングス,2020/03,10,0,122915,78728,,11833,55035,34758,4181,122915,-240,,,43571676,,418,35176,
0031188,エスプール,2020/11,10,0,4931,1450,,2435,428,1515,372,4931,390,,,79007500,,,1515,
0031196,パシフィックネット,2020/05,10,0,4873,4242,,731,1445,2037,432,4873,343,,,5175000,,1,2038,
0031207,手間いらず,2020/06,10,0,4287,1650,,,,3894,713,4287,1164,,,6478584,,,3894,
0031213,ハブ,2020/02,10,0,5940,12120,,29,,4259,631,5940,696,,,11265300,,,4259,
0031219,ラクーンホールディングス,2020/04,10,0,6181,590,,1811,1151,3045,1187,6181,-161,,,20176043,,11,3056,
0031238,ティア,2020/09,10,0,13315,11907,,1289,796,8859,1873,13315,491,,,22406100,,,8859,
0031247,ＣＤＧ,2020/03,10,0,6114,9635,,,,4659,450,6114,413,,,6240000,,17,4676,
0031252,アドウェイズ,2020/03,10,0,17322,32847,,,,11792,1605,17322,563,,,41588500,,40,11832,
0031264,サイバーステップ,2020/05,10,0,5726,12158,,13,,4622,2502,5726,736,,,7863601,,62,4684,
0031276,インフォマート,2020/12,10,0,13018,8773,,770,,11328,3212,13018,1412,,,259431200,,,11328,
0031291,ユナイテッド,2020/03,10,0,32556,14989,,,,26699,2923,32556,232,,,23671845,,218,26917,
0031296,日本和装ホールディングス,2020/12,10,0,3305,3942,,,100,2677,478,3305,41,,,9134000,,,2677,
0031302,ミクシィ,2020/03,10,0,192908,105495,,,,180421,9698,192908,16574,,,78230850,,971,181392,
0031306,インタースペース,2020/09,10,0,8309,22432,,,,5154,984,8309,531,,,6967200,,,5154,
0031310,ジェイエイシーリクルートメント,2020/12,10,0,19513,18380,,,,15849,619,19513,5219,,,41292000,,105,15954,
0031314,ペッパーフードサービス,2020/12,10,0,14446,31085,,4331,2346,288,3538,14446,-2756,,,30065300,,167,455,
0031330,日本Ｍ＆Ａセンター,2020/03,10,0,43780,31758,,1000,500,35413,2583,43780,14454,,,166065200,,35,35448,
0031335,アクロディア,2020/08,10,0,1534,677,,234,,1167,589,1534,-867,,,28128693,,21,1188,
0031345,ＬＩＦＵＬＬ,2020/09,10,0,48729,23896,,8100,166,35357,9716,48729,3774,,,134239870,,,35357,
0031355,ジェイグループホールディングス,2020/02,10,0,6558,3350,,688,2144,3039,1524,6558,60,,,9522000,,6,3045,
0031358,リミックスポイント,2020/03,10,0,5361,10422,,,,4650,4085,5361,-4001,,,60917600,,45,4695,
0031363,システムインテグレータ,2020/02,10,0,3288,4554,,,,2264,367,3288,664,,,11078400,,,2264,
0031370,アドバンテッジリスクマネジメン,2020/03,10,0,5447,5277,,170,,3271,350,5447,950,,,17243200,,72,3343,
0031379,東京一番フーズ,2020/09,10,0,3326,2415,,587,1323,1089,508,3326,-713,,,8926800,,43,1132,
0031383,朝日ネット,2020/03,10,0,11094,10265,,,,9704,630,11094,1657,,,32000000,,,9704,
0031384,ｅＢＡＳＥ,2020/03,10,0,3751,2090,,,,3405,190,3751,979,,,23582400,,13,3418,
0031387,アバント,2020/06,10,0,6994,2355,,,,5054,303,6994,1163,,,37586982,,,5054,
0031407,ＤＤホールディングス,2020/02,10,0,19252,2994,,4054,10510,3274,699,19252,1008,,,15642720,,,3274,
0031411,パス,2020/03,10,0,1124,34,,60,,1043,100,1124,-492,,,28240000,,,1043,
0031418,コムチュア,2020/03,10,0,11326,13805,,339,70,8567,1022,11326,1900,,,32241600,,,8567,
0031430,ＵＴグループ,2020/03,10,0,21647,10770,,4120,6757,9710,686,21647,6350,,,40363067,,,9710,
0031432,アイティメディア,2020/03,10,0,6763,5082,,,,5829,1735,6763,1171,,,20532600,,4,5833,
0031435,ケアネット,2020/12,10,0,5399,5216,,,,3203,627,5399,1491,,,11048000,,,3203,
0031437,タケエイ,2020/03,10,0,63070,18603,,9027,29872,20868,6640,63070,1647,,,24552000,,,20868,
0031440,Ｅ・Ｊホールディングス,2020/05,10,0,22709,862,,216,700,21757,2000,22709,576,,,7261060,,,21757,
0031441,夢真ビーネックスグループ,2020/06,10,0,23383,16532,,10390,518,11435,4372,23383,-642,,,42851700,,1,11436,
0031442,エヌ・ティ・ティ・データ・イン,2020/03,10,0,6405,6840,,,,4019,738,6405,720,,,4955000,,,4019,
0031446,サイバーコム,2020/12,10,0,9708,13672,,,,5484,399,9708,802,,,8021600,,,5484,
0031451,ＦＲＯＮＴＥＯ,2020/03,10,0,13033,4667,,4602,760,6675,2568,13033,-214,,,38149862,,201,6876,
0031452,アイル,2020/07,10,0,7293,12278,,150,15,3584,354,7293,1668,,,25042528,,,3584,
0031454,きちりホールディングス,2020/06,10,0,1751,487,,,,1681,381,1751,-72,,,10550400,,24,1705,
0031458,フルスピード,2020/04,10,0,4435,8350,,234,407,2518,898,4435,783,,,15571000,,,2518,
0031469,アークランドサービスホールディ,2020/12,10,0,20168,16732,,,2010,14795,1932,20168,1015,,,33096000,,,14795,
0031477,ドトール・日レスホールディング,2020/02,10,0,65410,2188,,,,65130,1000,65410,1632,,,50609761,,,65130,
0031500,パソナグループ,2020/05,10,0,78213,9497,,8699,24463,20148,5000,78213,776,,,41690300,,,20148,
0031503,ＣＤＳ,2020/12,10,0,8167,2443,,320,200,7263,940,8167,1021,,,6924400,,,7263,
0031504,リンクアンドモチベーション,2020/12,10,0,26976,7460,,14083,7148,4181,1380,26976,717,,,113068000,,,4181,
0031523,ネットイヤーグループ,2020/03,10,0,2195,3493,,,,1673,570,2195,51,,,6999000,,,1673,
0031524,ＧＣＡ,2020/12,10,0,21694,1441,,419,,19596,1391,21694,1114,,,44673353,,1286,20882,
0031525,エス・エム・エス,2020/03,10,0,43158,9375,,2301,14856,24699,2246,43158,3663,,,87057600,,171,24870,
0031527,ビリングシステム,2020/12,10,0,4936,2661,,,,1848,1237,4936,106,,,6564400,,,1848,
0031528,アクセルマーク,2020/09,10,0,815,2784,,150,575,-176,1407,815,-823,,,6817700,,4,-172,
0031536,物語コーポレーション,2020/06,10,0,38567,55871,,7516,5000,17755,2727,38567,1619,,,6027622,,86,17841,
0031545,ＴＩＳ,2020/03,10,0,307775,196661,,32642,20963,203786,10001,307775,25798,,,87789098,,,203786,
0031549,ＪＮＳホールディングス,2020/02,10,0,5000,4719,,150,93,4029,2376,5000,20,,,11483500,,17,4046,
0031560,トライステージ,2020/02,10,0,11565,24779,,,2750,6649,645,11565,185,,,30517200,,36,6685,
0031563,サニーサイドアップグループ,2020/06,10,0,3776,5526,,227,615,1385,547,3776,-416,,,15191600,,51,1436,
0031565,データホライゾン,2020/06,10,0,1966,2679,,,,1311,456,1966,326,,,3565060,,5,1316,
0031568,パーソルホールディングス,2020/03,10,0,265590,12978,,10000,55713,92499,17479,265590,669,,,236704861,,,92499,
0031574,リニカル,2020/03,10,0,12189,7406,,1469,2683,6274,214,12189,909,,,24740000,,,6274,
0031587,グリー,2020/06,10,0,122251,39371,,,,111315,2367,122251,6262,,,242249700,,466,111781,
0031589,ＧＭＯペパボ,2020/12,10,0,8159,10725,,,,2516,262,8159,1234,,,5468700,,28,2544,
0031604,ソケッツ,2020/03,10,0,1259,1227,,,,1026,505,1259,20,,,2477400,,29,1055,
0031608,コーエーテクモホールディングス,2020/03,10,0,91513,12990,,,,90596,15000,91513,11054,,,129268048,,373,90969,
0031612,クックパッド,2020/12,10,0,27314,10649,,,,25862,5286,27314,588,,,107429400,,39,25901,
0031625,エスクリ,2020/03,10,0,19541,25338,,1684,3275,6852,607,19541,394,,,11986500,,2,6854,
0031634,ボルテージ,2020/06,10,0,2837,5820,,,,2176,1159,2837,-203,,,6133675,,7,2183,
0031639,アイ・ケイ・ケイ,2020/10,10,0,17617,7997,,3029,3198,7992,351,17617,-3994,,,29956800,,,7992,
0031653,イー・ガーディアン,2020/09,10,0,5072,6009,,,,3999,364,5072,1345,,,10405800,,,3999,
0031657,メディカルネット,2020/05,10,0,1538,1559,,300,,1027,286,1538,83,,,5386500,,,1027,
0031658,駅探,2020/03,10,0,3149,2542,,,,2742,291,3149,153,,,6888800,,,2742,
0031659,ジー・スリーホールディングス,2020/08,10,0,3666,2667,,56,41,2446,1062,3666,-3,,,17860720,,,2446,
0031662,ファインデックス,2020/12,10,0,3899,3982,,,,3195,254,3899,739,,,26608800,,4,3199,
0031682,ディジタルメディアプロフェッシ,2020/03,10,0,3841,1328,,,,3543,1804,3841,84,,,3131700,,,3543,
0031686,モルフォ,2020/10,10,0,5289,1708,,,,5050,1774,5289,-486,,,5390000,,,5050,
0031690,ブレインパッド,2020/06,10,0,5057,6617,,,,4100,575,5057,1174,,,7366332,,,4100,
0031701,ポールトゥウィン・ピットクルー,2020/01,10,0,6039,1204,,,,5980,1237,6039,328,,,38120800,,,5980,
0031702,イーブックイニシアティブジャパ,2020/03,10,0,8971,21281,,60,,3768,900,8971,795,,,5704600,,32,3800,
0031706,リブセンス,2020/12,10,0,4177,4025,,,,3635,236,4177,-1108,,,28148800,,5,3640,
0031709,ネクソン,2020/12,10,0,103313,5411,,,,92489,22470,103313,39479,,,886961539,,8270,100759,
0031710,ジャパンマテリアル,2020/03,10,0,30914,23912,,,,24639,1317,30914,6746,,,105149520,,,24639,
0031721,アイスタイル,2020/06,10,0,20477,6973,,5725,9122,4213,3703,20477,-4567,,,68043800,,97,4310,
0031722,エムアップホールディングス,2020/03,10,0,5898,3455,,,,4671,308,5898,833,,,9115697,,6,4677,
0031724,ベクトル,2020/02,10,0,9131,5136,,1174,2491,2531,2880,9131,-907,,,47936100,,191,2722,
0031725,エイチーム,2020/07,10,0,13667,11937,,,,8716,837,13667,-523,,,19783200,,82,8798,
0031726,アートスパークホールディングス,2020/12,10,0,4169,649,,,,3651,1495,4169,205,,,8159720,,7,3658,
0031729,ウチヤマホールディングス,2020/03,10,0,7110,1055,,480,1057,5495,2222,7110,534,,,21618800,,,5495,
0031733,チャーム・ケア・コーポレーショ,2020/06,10,0,23980,19619,,1538,4553,9786,2759,23980,1840,,,32712000,,36,9822,
0031740,モブキャストホールディングス,2020/12,10,0,947,141,,28,,870,972,947,-716,,,30008308,,2,872,
0031743,エニグモ,2020/01,10,0,8835,6097,,,,7371,381,8835,2685,,,42642000,,,7371,
0031745,エー・ピーホールディングス,2020/03,10,0,7739,16424,,1670,3754,941,495,7739,163,,,7427850,,7,948,
0031748,インパクトホールディングス,2020/12,10,0,5143,2199,,956,2790,1004,1727,5143,-1833,,,6612494,,1,1005,
0031761,新東京グループ,2020/05,10,0,,,,,,,,,,,,4960000,,,,
0031762,トレンダーズ,2020/03,10,0,3416,2539,,600,,2332,555,3416,334,,,7460400,,2,2334,
0031766,ＩＢＪ,2020/12,10,0,11281,5780,,4012,597,5361,699,11281,1524,,,42000000,,,5361,
0031767,テクノスジャパン,2020/03,10,0,5446,6397,,,,4257,562,5446,116,,,20400000,,6,4263,
0031771,ｅｎｉｓｈ,2020/12,10,0,2047,4073,,435,,779,2824,2047,-1040,,,13729760,,61,840,
0031779,コロプラ,2020/09,10,0,84270,39061,,,,75382,6536,84270,10247,,,129607536,,,75382,
0031789,地盤ネットホールディングス,2020/03,10,0,1149,355,,,,1085,490,1149,-4,,,23087200,,4,1089,
0031796,ソフトマックス,2020/12,10,0,5689,4023,,1177,520,2259,424,5689,489,,,5959500,,,2259,
0031797,オルトプラス,2020/09,10,0,2497,3934,,30,15,2083,3755,2497,-188,,,17405198,,,2083,
0031801,アサンテ,2020/03,10,0,16569,14432,,307,374,13417,1156,16569,2380,,,12341900,,,13417,
0031802,ブロードリーフ,2020/12,10,0,25484,19377,,,,19874,7147,25484,3067,,,97896800,,,19874,
0031808,オークファン,2020/09,10,0,12096,3644,,1456,698,7600,884,12096,386,,,10539400,,6,7606,
0031809,クロス・マーケティンググループ,2020/12,10,0,7925,1993,,1373,2635,3321,646,7925,202,,,19970464,,1,3322,
0031829,バリューＨＲ,2020/12,10,0,13705,4342,,686,6661,2726,542,13705,729,,,12214400,,1,2727,
0031830,デジタルハーツホールディングス,2020/03,10,0,6525,2327,,2500,,3889,300,6525,1002,,,23890800,,13,3902,
0031839,システム情報,2020/09,10,0,4955,10158,,110,,3587,502,4955,1262,,,23672000,,,3587,
0031843,メディアドゥ,2020/02,10,0,16748,1421,,1647,6578,7813,1899,16748,148,,,14175100,,48,7861,
0031845,Ｍ＆Ａキャピタルパートナーズ,2020/09,10,0,23344,10191,,,,20306,2503,23344,4957,,,31210000,,176,20482,
0031846,じげん,2020/03,10,0,15169,3860,,631,2822,11044,2526,15169,2358,,,111700000,,3,11047,
0031848,アライドアーキテクツ,2020/12,10,0,3406,3525,,408,342,2080,840,3406,-94,,,14091900,,2,2082,
0031849,ライドオンエクスプレスホールデ,2020/03,10,0,22527,1468,,440,832,4497,982,22527,335,,,10634000,,,4497,
0031851,ＥＲＩホールディングス,2020/05,10,0,4404,1008,,137,1118,2964,992,4404,358,,,7832400,,,2964,
0031852,ホットリンク,2020/12,10,0,3577,1434,,43,367,2754,2359,3577,59,,,15668200,,31,2785,
0031853,ブイキューブ,2020/12,10,0,9670,7212,,2586,904,3417,65,9670,-44,,,24500600,,2,3419,
0031855,エンカレッジ・テクノロジ,2020/03,10,0,3874,1885,,,,3250,507,3874,171,,,6924200,,,3250,
0031861,アーキテクツ・スタジオ・ジャパ,2020/03,10,0,631,890,,,,360,441,631,-522,,,1634750,,,360,
0031863,シンメンテホールディングス,2020/02,10,0,1626,370,,160,240,978,236,1626,22,,,5416500,,,978,
0031864,アビスト,2020/09,10,0,8114,9082,,50,,5992,1026,8114,422,,,3980000,,,5992,
0031865,シグマクシス,2020/03,10,0,9556,15797,,1200,300,4951,2842,9556,2191,,,21068300,,,4951,
0031867,ウィルグループ,2020/03,10,0,20826,3502,,4562,6533,8786,2033,20826,1877,,,22321400,,20,8806,
0031871,ヒューマン・メタボローム・テク,2020/06,10,0,1375,1025,,,,976,1480,1375,-78,,,5895800,,98,1074,
0031874,ウエスコホールディングス,2020/07,10,0,11654,718,,,,11511,400,11654,320,,,17724297,,,11511,
0031876,サイバーリンクス,2020/12,10,0,10293,10321,,304,2079,5906,792,10293,1841,,,5171386,,68,5974,
0031884,ディー・エル・イー,2020/03,10,0,4445,874,,177,96,3897,2916,4445,15,,,42337200,,,3897,
0031885,エスクロー・エージェント・ジャ,2020/02,10,0,2694,1775,,,,2336,422,2694,231,,,42521884,,10,2346,
0031891,フィックスターズ,2020/09,10,0,7532,5018,,795,2881,2993,553,7532,913,,,33617500,,,2993,
0031899,フリークアウト・ホールディング,2020/09,10,0,15201,653,,6807,4005,4140,2651,15201,-777,,,16660700,,3,4143,
0031902,メドピア,2020/09,10,0,6006,3187,,34,64,4994,1996,6006,827,,,21473100,,10,5004,
0031904,レアジョブ,2020/03,10,0,3239,4076,,280,690,1440,572,3239,444,,,9491200,,55,1495,
0031905,鳥貴族ホールディングス,2020/07,10,0,19953,27539,,749,7461,5667,1491,19953,-952,,,11622300,,,5667,
0031909,中央インターナショナルグループ,2020/12,10,0,,,,,,,,,,,,3337960,,,,
0031913,イルグルム,2020/09,10,0,2528,2317,,357,719,1129,318,2528,165,,,6372415,,,1129,
0031914,リアルワールド,2020/09,10,0,1221,204,,285,37,804,50,1221,-794,,,3430600,,1,805,
0031920,ＦＦＲＩセキュリティ,2020/03,10,0,2529,1600,,,,1592,286,2529,330,,,8190000,,,1592,
0031921,ホットランド,2020/12,10,0,15711,22857,,1804,3290,6429,3296,15711,-817,,,21519800,,,6429,
0031922,すかいらーくホールディングス,2020/12,10,0,246093,175070,,123500,20000,60032,3634,246093,-3625,,,197502200,,,60032,
0031924,ＫＡＤＯＫＡＷＡ,2020/03,10,0,210479,84049,,,55000,79275,20625,210479,23436,,,70892060,,,79275,
0031927,セレス,2020/12,10,0,14439,17144,,2214,1077,6562,1857,14439,1317,,,11562000,,4,6566,
0031928,ＧＭＯリサーチ,2020/12,10,0,2163,3273,,,,1446,299,2163,204,,,1677000,,,1446,
0031930,オプティム,2020/03,10,0,4545,6687,,,,2974,443,4545,258,,,27557680,,,2974,
0031932,エラン,2020/12,10,0,11622,26055,,,,6057,573,11622,2288,,,30300000,,,6057,
0031933,イー・カムトゥルー,2020/12,10,0,,,,,,,,,,,,722600,,,,
0031934,ＳＨＩＦＴ,2020/08,10,0,17274,19484,,978,3484,9848,63,17274,1649,,,15940500,,,9848,
0031937,ＣＲＩ・ミドルウェア,2020/09,10,0,4987,1677,,1019,,3595,758,4987,406,,,5518350,,12,3607,
0031940,クラウドワークス,2020/09,10,0,5038,5458,,100,,3153,2688,5038,-138,,,15225160,,,3153,
0031941,ＧＭＯ　ＴＥＣＨ,2020/12,10,0,1249,2696,,,,796,277,1249,43,,,1100620,,,796,
0031944,弁護士ドットコム,2020/03,10,0,2520,4132,,,,2129,439,2520,395,,,22251000,,1,2130,
0031945,テクノプロ・ホールディングス,2020/06,10,0,49476,15575,,14718,3205,30069,6929,49476,8776,,,36140388,,,30069,
0031947,アトラグループ,2020/12,10,0,4170,1946,,969,776,1267,565,4170,-566,,,8889100,,1,1268,
0031950,ＵＳＥＮ−ＮＥＸＴ　ＨＯＬＤＩ,2020/08,10,0,105649,8900,,24450,64350,14018,95,105649,2253,,,60072611,,,14018,
0031951,メディカル・データ・ビジョン,2020/12,10,0,5177,4047,,,,4246,992,5177,1024,,,40027526,,,4246,
0031952,マークラインズ,2020/12,10,0,3772,2511,,,,2794,368,3772,864,,,13189200,,,2794,
0031953,ＳＦＰホールディングス,2020/02,10,0,20307,5098,,10,,15930,542,20307,2294,,,25774689,,,15930,
0031957,アドベンチャー,2020/06,10,0,9405,9579,,3191,1632,1264,557,9405,108,,,6798900,,1,1265,
0031959,サイジニア,2020/06,10,0,476,921,,,,323,800,476,-136,,,2109186,,11,334,
0031960,ｇｕｍｉ,2020/04,10,0,20985,19823,,2317,903,14924,9377,20985,2048,,,31169400,,232,15156,
0031961,インターワークス,2020/03,10,0,2558,2332,,,,2389,172,2558,137,,,9800000,,,2389,
0031964,ヨシックスホールディングス,2020/03,10,0,10789,18709,,45,5,7784,335,10789,2109,,,10321200,,,7784,
0031967,データセクション,2020/03,10,0,3642,575,,493,358,2707,1353,3642,15,,,13607791,,,2707,
0031968,カヤック,2020/12,10,0,5730,6851,,596,1301,2643,523,5730,438,,,15201800,,50,2693,
0031969,エクストリーム,2020/03,10,0,4004,5178,,293,143,2846,415,4004,1219,,,5455176,,,2846,
0031971,ＭＲＴ,2020/12,10,0,2484,1284,,280,448,1456,431,2484,25,,,5694400,,,1456,
0031974,アイ・アールジャパンホールディ,2020/03,10,0,4842,1642,,790,,3365,830,4842,1430,,,17833810,,,3365,
0031975,ＫｅｅＰｅｒ技研,2020/06,10,0,8554,8699,,331,663,5832,1347,8554,1345,,,14140420,,,5832,
0031980,ファーストロジック,2020/07,10,0,3942,1671,,,,3712,87,3942,867,,,11844400,,,3712,
0031981,シリコンスタジオ,2020/11,10,0,2163,3479,,315,55,1326,455,2163,68,,,2956200,,9,1335,
0031986,コラボス,2020/03,10,0,2343,2019,,10,,1815,324,2343,152,,,4791000,,37,1852,
0031988,ゼネラル・オイスター,2020/03,10,0,1668,412,,287,43,-358,808,1668,-94,,,2842200,,11,-347,
0031993,イード,2020/06,10,0,3322,3571,,,,2773,873,3322,125,,,5006200,,,2773,
0031997,モバイルファクトリー,2020/12,10,0,2860,2194,,,,2597,480,2860,793,,,8838295,,,2597,
0032000,日本動物高度医療センター,2020/03,10,0,5410,2243,,468,2843,1810,384,5410,369,,,2433700,,,1810,
0032002,ｓＭｅｄｉｏ,2020/12,10,0,1276,746,,,,1154,510,1276,49,,,2040121,,,1154,
0032006,海帆,2020/03,10,0,1255,3977,,374,532,-314,294,1255,-680,,,3888900,,,-314,
0032014,三機サービス,2020/05,10,0,4764,11301,,40,,2868,590,4764,424,,,5896085,,,2868,
0032016,レントラックス,2020/03,10,0,3738,9086,,700,,2012,440,3738,119,,,7975800,,2,2014,
0032018,リンクバル,2020/09,10,0,2269,1427,,,,2068,281,2269,22,,,19500000,,,2068,
0032020,ＪＩＧ−ＳＡＷ,2020/12,10,0,2154,2192,,68,165,1553,351,2154,413,,,6751000,,,1553,
0032022,Ｇｕｎｏｓｙ,2020/05,10,0,11948,12398,,,,10484,4077,11948,457,,,23877774,,89,10573,
0032024,テラスカイ,2020/02,10,0,13648,5864,,277,245,8749,1142,13648,1036,,,12628520,,2,8751,
0032025,デザインワン・ジャパン,2020/08,10,0,3404,1879,,,,3142,648,3404,213,,,15116300,,,3142,
0032030,スマートバリュー,2020/06,10,0,4695,5657,,,,3641,959,4695,431,,,10264800,,,3641,
0032033,デジタル・インフォメーション・,2020/06,10,0,4930,12736,,,,3332,453,4930,1254,,,15501820,,,3332,
0032040,アイリッジ,2020/03,10,0,3204,2582,,280,,2448,1067,3204,108,,,6708300,,7,2455,
0032044,イトクロ,2020/10,10,0,8901,3862,,20,,8329,30,8901,637,,,22680000,,11,8340,
0032045,ＰＣＩホールディングス,2020/09,10,0,8876,945,,869,2553,4462,1046,8876,249,,,8522400,,10,4472,
0032049,アクアライン,2020/02,10,0,1893,5946,,15,11,1154,280,1893,-43,,,2032600,,,1154,
0032057,パイプドＨＤ,2020/02,10,0,4570,1056,,825,600,3117,506,4570,76,,,8125264,,2,3119,
0032059,アイビーシー,2020/09,10,0,3020,1829,,757,359,1582,442,3020,-128,,,5715600,,,1582,
0032060,ネットマーケティング,2020/06,10,0,4977,14363,,80,,2753,408,4977,747,,,14796800,,,2753,
0032062,ブランジスタ,2020/09,10,0,3694,1947,,386,652,2518,621,3694,-190,,,14575300,,,2518,
0032063,デンタス,2020/03,10,0,,,,,,,,,,,,366666,,,,
0032070,ＡｐｐＢａｎｋ,2020/12,10,0,577,288,,11,,512,287,577,-165,,,7862500,,7,519,
0032072,ＧＭＯメディア,2020/12,10,0,3294,3804,,,,1850,761,3294,-434,,,1868839,,,1850,
0032073,タメニー,2020/03,10,0,4864,3724,,1258,2215,1007,263,4864,-50,,,10714800,,,1007,
0032074,バルニバービ,2020/07,10,0,8911,8966,,1401,3619,2237,422,8911,-796,,,8703480,,,2237,
0032078,ロゼッタ,2020/02,10,0,3587,2217,,510,631,1415,253,3587,782,,,10330260,,,1415,
0032080,ベルシステム２４ホールディング,2020/02,10,0,142362,19296,,10436,57967,60924,26985,142362,6039,,,73617320,,40,60964,
0032081,ネオジャパン,2020/01,10,0,5129,3081,,,,3822,291,5129,659,,,14850000,,,3822,
0032086,鎌倉新書,2020/01,10,0,3867,3140,,,,3516,977,3867,843,,,38404400,,8,3524,
0032087,ランドコンピュータ,2020/03,10,0,5498,9094,,,,3626,458,5498,724,,,5987100,,,3626,
0032090,ダブルスタンダード,2020/03,10,0,1915,2873,,,,1377,263,1915,669,,,6790000,,,1377,
0032092,フーバーブレイン,2020/03,10,0,1164,1047,,50,,373,283,1164,-63,,,4551200,,21,394,
0032093,マイネット,2020/12,10,0,4576,2087,,738,1490,1360,3076,4576,-69,,,8614600,,15,1375,
0032094,ＳＭＮ,2020/03,10,0,5246,6799,,,,4174,988,5246,465,,,13043733,,,4174,
0032097,一蔵,2020/03,10,0,19049,17085,,4590,1555,6166,1019,19049,383,,,5513945,,,6166,
0032098,ソーシャルワイヤー,2020/03,10,0,4184,3021,,315,1112,1313,352,4184,115,,,6103200,,4,1317,
0032103,はてな,2020/07,10,0,2339,2542,,,,2102,231,2339,279,,,2985200,,,2102,
0032105,バリューゴルフ,2020/01,10,0,1006,985,,,,874,378,1006,89,,,1792600,,2,876,
0032112,アカツキ,2020/03,10,0,41602,29415,,2599,5208,29999,2756,41602,9838,,,13975500,,28,30027,
0032114,グローバルキッズＣＯＭＰＡＮＹ,2020/09,10,0,4856,691,,,,4670,1278,4856,363,,,9229880,,19,4689,
0032115,アイドママーケティングコミュニ,2020/03,10,0,5135,8296,,,,3859,513,5135,641,,,13520000,,7,3866,
0032118,ＰＲ　ＴＩＭＥＳ,2020/02,10,0,2046,2884,,,,1472,420,2046,398,,,6728600,,,1472,
0032120,エアトリ,2020/09,10,0,11020,4568,,3632,3377,365,3138,11020,-6893,,,20419800,,24,389,
0032124,ハイアス・アンド・カンパニー,2020/04,10,0,3478,5523,,658,670,1355,433,3478,88,,,23340300,,1,1356,
0032126,グローバルウェイ,2020/03,10,0,595,1264,,77,102,165,90,595,-56,,,1166292,,1,166,
0032132,ホープ,2020/06,10,0,6519,14407,,819,774,1246,315,6519,963,,,6002800,,13,1259,
0032134,Ｕｂｉｃｏｍホールディングス,2020/03,10,0,1887,1449,,107,,1526,741,1887,-127,,,11657120,,,1526,
0032137,ストライク,2020/08,10,0,9045,6916,,,,7088,823,9045,3172,,,19354200,,3,7091,
0032138,キャリア,2020/09,10,0,3386,11013,,900,,1354,157,3386,76,,,8624320,,8,1362,
0032144,コメダホールディングス,2020/02,10,0,19543,3862,,625,781,17748,613,19543,3183,,,46083600,,14,17762,
0032146,セラク,2020/08,10,0,7399,13335,,106,1005,3553,297,7399,1115,,,13767200,,4,3557,
0032148,インソース,2020/09,10,0,4060,4823,,,,2699,800,4060,534,,,21310750,,,2699,
0032158,ベイカレント・コンサルティング,2020/02,10,0,29097,32917,,1050,5513,16605,282,29097,7103,,,15541141,,1,16606,
0032167,カナミックネットワーク,2020/09,10,0,2313,1881,,,,1916,192,2313,678,,,48132000,,,1916,
0032169,串カツ田中ホールディングス,2020/11,10,0,6827,1630,,2206,2381,1968,304,6827,13,,,9341880,,,1968,
0032171,Ｏｒｃｈｅｓｔｒａ　Ｈｏｌｄｉ,2020/12,10,0,3563,618,,2359,529,512,194,3563,-63,,,9789600,,25,537,
0032172,ノムラシステムコーポレーション,2020/12,10,0,2683,2539,,,,2395,319,2683,390,,,23109600,,,2395,
0032174,バリューデザイン,2020/06,10,0,1471,2430,,170,71,863,731,1471,52,,,1534600,,9,872,
0032175,チェンジ,2020/09,10,0,9628,3248,,380,2231,6558,2397,9628,346,,,31552800,,3,6561,
0032176,シルバーエッグ・テクノロジー,2020/12,10,0,1325,1232,,,,1034,285,1325,221,,,2966942,,,1034,
0032177,シンクロ・フード,2020/03,10,0,3045,1759,,,,2700,510,3045,465,,,26893800,,,2700,
0032181,キャピタル・アセット・プランニ,2020/09,10,0,5458,6187,,1116,438,3082,935,5458,126,,,5708496,,77,3159,
0032189,エルテス,2020/02,10,0,2057,1865,,20,18,1674,769,2057,47,,,5151000,,34,1708,
0032195,キャリアインデックス,2020/03,10,0,3772,2337,,160,600,2652,395,3772,235,,,20966400,,,2652,
0032201,セグエグループ,2020/12,10,0,2023,664,,,,1914,510,2023,238,,,11557035,,30,1944,
0032203,グレイステクノロジー,2020/03,10,0,2762,1903,,39,15,2236,200,2762,947,,,14128500,,1,2237,
0032206,エイトレッド,2020/03,10,0,3498,1623,,,,2678,620,3498,607,,,7471800,,,2678,
0032207,イノベーション,2020/03,10,0,1017,1123,,19,,886,348,1017,79,,,1998600,,,886,
0032209,ＡＯＩ　ＴＹＯ　Ｈｏｌｄｉｎｇ,2020/12,10,0,35607,3461,,4345,8705,22049,5000,35607,574,,,24566447,,42,22091,
0032210,シャノン,2020/10,10,0,1337,1786,,140,314,540,447,1337,37,,,1464050,,1,541,
0032220,マクロミル,2020/06,10,0,53477,21934,,1650,32698,14705,1049,53477,-863,,,40320300,,,14705,
0032224,うるる,2020/03,10,0,3141,1638,,20,60,1925,1026,3141,-221,,,3417700,,,1925,
0032225,ビーグリー,2020/12,10,0,16899,11102,,2940,6245,5136,1875,16899,670,,,6175661,,,5136,
0032228,ジャパンエレベーターサービスホ,2020/03,10,0,10435,4916,,3632,1814,3044,700,10435,1457,,,40538600,,23,3067,
0032229,力の源ホールディングス,2020/03,10,0,8988,2078,,994,3976,3726,1294,8988,417,,,23933200,,,3726,
0032230,フルテック,2020/12,10,0,9414,11653,,133,121,5311,329,9414,293,,,5367800,,,5311,
0032233,ＦＯＯＤ　＆　ＬＩＦＥ　ＣＯＭ,2020/09,10,0,78510,5909,,36741,10000,14699,100,78510,-140,,,116049984,,237,14936,
0032239,ユーザーローカル,2020/06,10,0,4419,1667,,,,3938,1132,4419,658,,,7826100,,,3938,
0032240,テモナ,2020/09,10,0,2034,2301,,239,336,1054,379,2034,148,,,11256048,,7,1061,
0032241,旅工房,2020/03,10,0,5133,32733,,700,,1444,464,5133,108,,,4752100,,,1444,
0032244,ビーブレイクシステムズ,2020/06,10,0,1591,1156,,,,1261,232,1591,138,,,1536960,,,1261,
0032247,エコモット,2020/08,10,0,1824,1856,,142,400,1040,614,1824,-268,,,5156800,,,1040,
0032249,Ｆｒｉｎｇｅ８１,2020/03,10,0,3359,1842,,969,391,337,516,3359,-1073,,,9876400,,26,363,
0032250,ツナググループ・ホールディング,2020/09,10,0,3839,797,,1487,1397,866,520,3839,-209,,,7391520,,,866,
0032252,ＧａｍｅＷｉｔｈ,2020/05,10,0,3832,2864,,,,3358,543,3832,343,,,18217900,,2,3360,
0032261,シェアリングテクノロジー,2020/09,10,0,4931,4083,,1285,2012,883,1195,4931,-765,,,21258800,,23,906,
0032263,ＵＵＵＭ,2020/05,10,0,10487,22459,,2302,1415,3354,787,10487,557,,,19563060,,12,3366,
0032265,ＰＫＳＨＡ　Ｔｅｃｈｎｏｌｏｇ,2020/09,10,0,28225,1655,,,,27018,18,28225,2478,,,30679400,,2,27020,
0032268,ＭＳ＆Ｃｏｎｓｕｌｔｉｎｇ,2020/02,10,0,3078,2783,,70,,2442,608,3078,306,,,4415000,,3,2445,
0032271,ウェルビー,2020/03,10,0,4472,6784,,108,73,3504,333,4472,1767,,,27825000,,,3504,
0032275,ＳＫＩＹＡＫＩ,2020/01,10,0,2958,3688,,,,1005,577,2958,-141,,,10687000,,,1005,
0032286,ｇｌｏｂａｌ　ｂｒｉｄｇｅ　Ｈ,2020/12,10,0,3724,752,,391,1699,1466,329,3724,12,,,2661335,,43,1509,
0032294,サインポスト,2020/02,10,0,2079,2122,,107,290,1023,364,2079,-201,,,10916400,,,1023,
0032296,クックビズ,2020/11,10,0,1834,1445,,550,150,774,481,1834,-641,,,2249691,,,774,
0032301,一家ダイニングプロジェクト,2020/03,10,0,3391,7991,,492,862,1069,366,3391,-53,,,6196000,,,1069,
0032308,ＨＡＮＡＴＯＵＲ　ＪＡＰＡＮ,2020/12,10,0,3545,95,,1358,539,1080,1022,3545,-1911,,,11000000,,36,1116,
0032310,すららネット,2020/12,10,0,1780,1649,,,,1284,283,1780,548,,,6480035,,,1284,
0032311,ナレッジスイート,2020/09,10,0,2121,900,,365,297,990,681,2121,-37,,,5105200,,,990,
0032312,みらいワークス,2020/09,10,0,1545,4155,,,,813,212,1545,67,,,1254550,,,813,
0032323,Ｍマート,2020/01,10,0,1216,684,,,,880,318,1216,147,,,2445400,,,880,
0032324,ＳＥＲＩＯホールディングス,2020/05,10,0,1729,416,,,,1633,693,1729,73,,,3164700,,,1633,
0032327,日総工産,2020/03,10,0,20024,69209,,,,11247,2012,20024,3090,,,34201200,,,11247,
0032333,ＲＰＡホールディングス,2020/02,10,0,16480,1920,,1432,1822,13071,5881,16480,634,,,58358500,,5,13076,
0032337,ブティックス,2020/03,10,0,1258,1358,,18,10,804,259,1258,205,,,2513100,,5,809,
0032339,ビープラッツ,2020/03,10,0,876,534,,263,169,339,492,876,-180,,,2311940,,,339,
0032340,コンヴァノ,2020/03,10,0,1078,2407,,330,130,296,92,1078,36,,,2243510,,8,304,
0032341,ヒューマン・アソシエイツ・ホー,2020/03,10,0,1327,495,,48,314,822,173,1327,124,,,3237337,,5,827,
0032342,ベストワンドットコム,2020/07,10,0,2626,1079,,263,1356,671,292,2626,-71,,,1254960,,,671,
0032343,エヌリンクス,2020/02,10,0,1837,4772,,,,1192,316,1837,-171,,,7164642,,,1192,
0032345,揚工舎,2020/03,10,0,,,,,,,,,,,,700000,,,,
0032346,ビズライト・テクノロジー,2020/06,10,0,465,408,,96,292,44,34,465,1,,,646540,,,44,
0032348,ログリー,2020/03,10,0,2312,2708,,154,363,1184,379,2312,61,,,1866500,,1,1185,
0032349,ＳＩＧ,2020/03,10,0,2615,4476,,125,319,1365,500,2615,369,,,5775660,,,1365,
0032351,ＺＵＵ,2020/03,10,0,1378,1841,,100,,899,467,1378,-58,,,2112430,,34,933,
0032352,ライトアップ,2020/03,10,0,1982,1851,,30,,1622,386,1982,255,,,2903000,,,1622,
0032353,エーアイ,2020/03,10,0,1189,819,,,,1047,149,1189,243,,,5138000,,,1047,
0032355,スプリックス,2020/09,10,0,11476,11843,,,,8081,1422,11476,1805,,,17313450,,,8081,
0032356,インバウンドテック,2020/03,10,0,910,2983,,186,10,454,36,910,209,,,663000,,,454,
0032359,ロジザード,2020/06,10,0,1470,1523,,4,,1242,299,1470,253,,,3258000,,,1242,
0032361,ＦＩＧ,2020/12,10,0,10669,719,,2135,755,7584,2000,10669,236,,,31084515,,126,7710,
0032368,マネジメントソリューションズ,2020/10,10,0,2772,5162,,191,495,1560,619,2772,37,,,16673400,,,1560,
0032369,バンク・オブ・イノベーション,2020/09,10,0,3260,3061,,528,1000,1337,490,3260,10,,,3951000,,,1337,
0032372,エクスモーション,2020/11,10,0,1511,877,,,,1433,445,1511,99,,,2907700,,,1433,
0032375,プロレド・パートナーズ,2020/10,10,0,7506,3270,,205,290,6308,2025,7506,1189,,,11169600,,,6308,
0032377,アクリート,2020/12,10,0,1603,1731,,,,1248,275,1603,345,,,5575200,,18,1266,
0032381,システムサポート,2020/06,10,0,4587,10131,,714,14,2037,717,4587,420,,,10070000,,,2037,
0032383,チームスピリット,2020/08,10,0,2774,2445,,,,1433,798,2774,268,,,16195200,,,1433,
0032384,ａｎｄ　ｆａｃｔｏｒｙ,2020/08,10,0,6343,2946,,785,3026,1448,549,6343,-388,,,9827120,,1,1449,
0032391,テノ．ホールディングス,2020/12,10,0,5107,500,,728,2756,1468,451,5107,146,,,4657500,,,1468,
0032392,イーエムネットジャパン,2020/12,10,0,3020,9305,,,,1223,302,3020,291,,,1880000,,3,1226,
0032396,フロンティア・マネジメント,2020/12,10,0,3759,5188,,,,2414,163,3759,568,,,5777900,,,2414,
0032397,アザース,2020/03,10,0,137,194,,8,44,57,14,137,4,,,257000,,,57,
0032404,くふうカンパニー,2020/09,10,0,10076,680,,1707,4050,4271,75,10076,-450,,,18017461,,2,4273,
0032409,ＣＲＧホールディングス,2020/09,10,0,2099,988,,364,93,1546,437,2099,302,,,5452500,,,1546,
0032414,ギフト,2020/10,10,0,7201,9965,,1302,1047,3561,786,7201,528,,,9930362,,,3561,
0032416,ＶＡＬＵＥＮＥＸ,2020/07,10,0,999,525,,,,869,529,999,-61,,,2876400,,2,871,
0032421,アルー,2020/12,10,0,1931,1745,,287,667,844,365,1931,-258,,,2554400,,,844,
0032423,ピアラ,2020/12,10,0,5099,14495,,869,268,2251,849,5099,484,,,7114960,,1,2252,
0032435,テクノスデータサイエンス・エン,2020/03,10,0,1955,1377,,500,,1300,833,1955,127,,,2200000,,,1300,
0032436,Ａｍａｚｉａ,2020/09,10,0,3106,7524,,3,,1750,356,3106,1084,,,6710200,,50,1800,
0032437,Ｋｕｄａｎ,2020/03,10,0,1454,259,,278,164,931,510,1454,-63,,,7091400,,,931,
0032438,ポート,2020/03,10,0,3962,4103,,438,609,2112,819,3962,609,,,11642220,,4,2116,
0032440,ＥｄｕＬａｂ,2020/09,10,0,12387,1912,,1454,4180,6475,2377,12387,512,,,9089370,,,6475,
0032443,ベルトラ,2020/12,10,0,1628,954,,724,25,488,537,1628,-1337,,,28934700,,4,492,
0032445,シノプス,2020/12,10,0,1718,909,,134,62,1322,413,1718,11,,,6107000,,7,1329,
0032452,パスロジ,2020/06,10,0,551,426,,8,36,297,100,551,170,,,1000000,,,297,
0032455,識学,2020/02,10,0,1593,1720,,114,197,975,265,1593,305,,,7474500,,,975,
0032456,リックソフト,2020/02,10,0,1894,3045,,,,1410,316,1894,391,,,4278700,,,1410,
0032457,東海ソフト,2020/05,10,0,5487,6730,,107,59,3469,826,5487,493,,,4920300,,,3469,
0032458,フロンティアインターナショナル,2020/04,10,0,6239,9835,,,,4413,46,6239,925,,,4553000,,,4413,
0032459,スマレジ,2020/04,10,0,4055,3249,,,,3321,1098,4055,751,,,9433400,,,3321,
0032460,ヒト・コミュニケーションズ・ホ,2020/08,10,0,11389,514,,310,,11049,450,11389,316,,,17899333,,,11049,
0032462,サーバーワークス,2020/02,10,0,4472,6811,,,,3035,609,4472,459,,,3380190,,,3035,
0032466,カオナビ,2020/03,10,0,2397,2624,,122,340,995,1018,2397,-352,,,10945000,,,995,
0032468,コプロ・ホールディングス,2020/03,10,0,3342,1430,,160,70,2749,30,3342,485,,,5000000,,,2749,
0032469,ミンカブ・ジ・インフォノイド,2020/03,10,0,5366,2490,,313,1244,3497,1742,5366,430,,,13744400,,,3497,
0032470,ギークス,2020/03,10,0,3996,1536,,,,2961,1086,3996,339,,,10462960,,,2961,
0032471,マルク,2020/08,10,0,,,,,,,,,,,,650000,,,,
0032472,ｇｏｏｄｄａｙｓホールディング,2020/03,10,0,1179,300,,,,1140,161,1179,5,,,3305600,,,1140,
0032473,ＮＡＴＴＹ　ＳＷＡＮＫＹ,2020/06,10,0,3407,4255,,387,775,1730,763,3407,-188,,,2106900,,,1730,
0032474,フレアス,2020/03,10,0,2505,3962,,223,459,1497,289,2505,119,,,2328600,,,1497,
0032475,日本ホスピスホールディングス,2020/12,10,0,1294,148,,140,150,959,343,1294,3,,,7923000,,8,967,
0032476,Ｂｉｒｄｍａｎ,2020/06,10,0,1133,1496,,186,512,303,355,1133,-603,,,2444000,,,303,
0032477,Ｗｅｌｂｙ,2020/12,10,0,1520,864,,7,15,1342,916,1520,-331,,,7832800,,15,1357,
0032478,ヴィッツ,2020/08,10,0,2339,2145,,,,1811,583,2339,291,,,4054000,,,1811,
0032480,ハウテレビジョン,2020/01,10,0,637,834,,,,490,205,637,81,,,1267900,,,490,
0032482,トビラシステムズ,2020/10,10,0,1647,1234,,13,11,1347,304,1647,464,,,10385400,,,1347,
0032483,バルテス,2020/03,10,0,1918,4435,,59,,1162,90,1918,256,,,7150000,,,1162,
0032486,ユーピーアール,2020/08,10,0,19948,12321,,1575,7636,6712,96,19948,1446,,,7660000,,,6712,
0032487,ピアズ,2020/09,10,0,3106,3450,,200,500,2149,438,3106,380,,,2265300,,,2149,
0032488,ブランディングテクノロジー,2020/03,10,0,1770,5031,,,,1076,157,1770,66,,,1615000,,,1076,
0032489,インフォネット,2020/03,10,0,1044,766,,19,58,824,258,1044,6,,,1927500,,,824,
0032490,リビン・テクノロジーズ,2020/09,10,0,1863,2444,,164,451,807,193,1863,9,,,1340012,,,807,
0032492,Ｌｉｎｋ−Ｕ,2020/07,10,0,2294,1338,,,,1980,474,2294,416,,,13958700,,,1980,
0032500,サイバー・バズ,2020/09,10,0,2375,2823,,,,1996,457,2375,413,,,3783100,,,1996,
0032502,パワーソリューションズ,2020/12,10,0,2105,2678,,,,1649,377,2105,118,,,1367148,,,1649,
0032505,Ｋｉｐｓ,2020/12,10,0,,,,,,,,,,,,3998600,,,,
0032507,ＨＥＮＮＧＥ,2020/09,10,0,4265,4144,,,,1849,503,4265,531,,,16002200,,,1849,
0032511,インティメート・マージャー,2020/09,10,0,1598,2042,,,100,1218,428,1598,52,,,2894300,,,1218,
0032514,ＢＡＳＥ,2020/12,10,0,25945,7321,,,,16217,8513,25945,543,,,21939400,,,16217,
0032516,トゥエンティーフォーセブン,2020/11,10,0,3834,5700,,,,2167,791,3834,-1430,,,4500000,,,2167,
0032518,ＱＬＳホールディングス,2020/03,10,0,,,,,,,,,,,,2014560,,,,
0032520,ＡＬｉＮＫインターネット,2020/02,10,0,1389,743,,,,1286,135,1389,327,,,2102400,,,1286,
0032522,フリー,2020/06,10,0,18078,6928,,,,13620,6215,18078,-2878,,,48320822,,407,14027,
0032525,マクアケ,2020/09,10,0,6173,3225,,,,2663,1136,6173,512,,,11667700,,10,2673,
0032526,メドレー,2020/12,10,0,15430,6717,,1322,2832,9728,3968,15430,433,,,30889100,,1,9729,
0032527,ウィルズ,2020/12,10,0,1704,2196,,26,112,979,209,1704,408,,,19286800,,,979,
0032528,ＪＭＤＣ,2020/03,10,0,18435,4755,,956,4649,11364,3412,18435,784,,,25975042,,20,11384,
0032530,ユナイトアンドグロウ,2020/12,10,0,1703,1636,,7,,1126,305,1703,223,,,3648200,,,1126,
0032532,スペースマーケット,2020/12,10,0,1354,804,,75,65,748,248,1354,-125,,,11710900,,,748,
0032534,ＩＮＣＬＵＳＩＶＥ,2020/03,10,0,1269,873,,17,32,1013,277,1269,188,,,2420400,,,1013,
0032538,ＷＤＢココ,2020/03,10,0,1774,2285,,,,1237,250,1774,445,,,2285000,,,1237,
0032539,ＡＩ　ｉｎｓｉｄｅ,2020/03,10,0,3007,1591,,100,,2305,1106,3007,409,,,3666000,,,2305,
0032540,スポーツフィールド,2020/12,10,0,1485,1874,,272,458,444,92,1485,31,,,882560,,,444,
0032541,ジモティー,2020/12,10,0,1722,1376,,,,1397,308,1722,295,,,5996365,,,1397,
0032545,ＡＨＣグループ,2020/11,10,0,2640,2124,,388,838,1169,499,2640,-7,,,2090300,,,1169,
0032546,Ｋｉｄｓ　Ｓｍｉｌｅ　Ｈｏｌｄ,2020/03,10,0,2451,291,,,,2392,567,2451,86,,,3150000,,1,2393,
0032547,カーブスホールディングス,2020/08,10,0,27056,2939,,1840,17420,7660,848,27056,3859,,,93857493,,,7660,
0032548,きずなホールディングス,2020/05,10,0,6550,609,,350,3350,2758,153,6550,27,,,3444235,,7,2765,
0032549,ウイルテック,2020/03,10,0,7686,17546,,396,612,4310,98,7686,1005,,,6058500,,,4310,
0032550,フォースタートアップス,2020/03,10,0,1130,1262,,,,882,178,1130,287,,,3137000,,,882,
0032552,リグア,2020/03,10,0,1449,1496,,133,252,807,424,1449,161,,,1301500,,,807,
0032555,リビングプラットフォーム,2020/03,10,0,4745,4939,,533,1101,1919,357,4745,2,,,1533000,,,1919,
0032561,アディッシュ,2020/12,10,0,1097,2594,,81,65,578,234,1097,-44,,,1778500,,,578,
0032562,サイバーセキュリティクラウド,2020/12,10,0,1384,1194,,255,169,679,334,1384,187,,,9313200,,,679,
0032563,バリオセキュア,2020/02,10,0,6194,2513,,400,2200,2592,310,6194,495,,,3726600,,,2592,
0032564,Ｍａｃｂｅｅ　Ｐｌａｎｅｔ,2020/04,10,0,2316,6466,,104,48,1331,394,2316,364,,,3097900,,,1331,
0032569,ロコガイド,2020/03,10,0,1183,1424,,,,543,50,1183,340,,,7040000,,16,559,
0032570,コマースＯｎｅホールディングス,2020/03,10,0,642,298,,120,,439,100,642,191,,,3611700,,,439,
0032573,さくらさくプラス,2020/07,10,0,533,381,,24,96,362,50,533,27,,,3780000,,,362,
0032576,ＧＭＯフィナンシャルゲート,2020/09,10,0,5748,3379,,,,3754,1533,5748,424,,,3948370,,,3754,
0032578,エージェント,2020/01,10,0,1044,2556,,159,175,144,50,1044,70,,,5000000,,,144,
0032585,フィーチャ,2020/06,10,0,580,419,,,,522,248,580,83,,,5409000,,,522,
0032586,グッドパッチ,2020/08,10,0,1387,1890,,56,124,959,585,1387,201,,,7272160,,,959,
0032588,Ｂｒａｎｄｉｎｇ　Ｅｎｇｉｎｅ,2020/08,10,0,1137,3110,,79,167,500,128,1137,116,,,5173400,,3,503,
0032589,ＫＩＹＯラーニング,2020/12,10,0,2194,1522,,40,75,979,759,2194,158,,,2197000,,,979,
0032590,日本情報クリエイト,2020/06,10,0,2483,2375,,,,1278,74,2483,565,,,5883720,,,1278,
0032591,Ｓｕｎ　Ａｓｔｅｒｉｓｋ,2020/12,10,0,4860,4368,,190,151,3697,1668,4860,139,,,36840000,,,3697,
0032593,ティアンドエス,2020/11,10,0,1502,2266,,,,1212,334,1502,304,,,1792800,,,1212,
0032596,ニューラルポケット,2020/12,10,0,1920,762,,453,111,1206,18,1920,148,,,14013200,,,1206,
0032598,インターファクトリー,2020/05,10,0,854,1830,,275,,268,116,854,162,,,3220000,,,268,
0032601,トヨクモ,2020/12,10,0,1723,1095,,,,1170,379,1723,234,,,5069000,,,1170,
0032604,ｒａｋｕｍｏ,2020/12,10,0,1197,822,,20,64,659,369,1197,79,,,5520400,,,659,
0032605,ヘッドウォータース,2020/12,10,0,936,1153,,,,756,354,936,155,,,922800,,,756,
0032606,アクシス,2020/12,10,0,2487,3723,,,,1806,74,2487,364,,,2050000,,,1806,
0032609,ダイレクトマーケティングミック,2020/12,10,0,16422,2822,,620,9933,5411,1600,16422,1850,,,20050500,,83,5494,
0032611,勤次郎,2020/12,10,0,11010,3432,,44,94,9905,4099,11010,515,,,10420000,,,9905,
0032613,カラダノート,2020/07,10,0,438,732,,,,316,30,438,116,,,5000000,,,316,
0032615,Ｒｅｔｔｙ,2020/09,10,0,1533,2215,,390,348,429,95,1533,-265,,,10612504,,,429,
0032617,一寸房,2020/07,10,0,,,,,,,,,,,,2197300,,,,
0032618,アララ,2020/08,10,0,1054,1201,,100,,420,331,1054,141,,,56853,,,420,
0032621,クリーマ,2020/02,10,0,1879,1492,,302,371,31,100,1879,26,,,3700,,1,32,
0032623,スタメン,2020/12,10,0,1403,620,,52,155,885,607,1403,7,,,8425000,,,885,
0032625,ビートレンド,2020/12,10,0,700,857,,16,9,552,276,700,105,,,1028800,,,552,
0032626,プレイド,2020/09,10,0,3068,4007,,517,380,1604,961,3068,-1205,,,35408900,,,1604,
0032630,ココペリ,2020/03,10,0,352,413,,8,23,244,269,352,-21,,,61700,,,244,
0032631,ヤプリ,2020/12,10,0,2862,2390,,202,222,2069,1983,2862,-627,,,11663600,,1,2070,
0032632,ポピンズホールディングス,2020/12,10,0,10149,1715,,1983,2239,5540,2095,10149,469,,,10177300,,,5540,
0032636,Ｋａｉｚｅｎ　Ｐｌａｔｆｏｒｍ,2020/12,10,0,3655,1646,,,1222,2121,1518,3655,-41,,,15424473,,,2121,
0032637,東京通信,2020/12,10,0,1585,2118,,,,1159,471,1585,162,,,4937500,,,1159,
0032639,Ｇｅｏｌｏｃａｔｉｏｎ　Ｔｅｃ,2020/06,10,0,298,475,,11,35,138,100,298,31,,,2880,,,138,
0032644,オンデック,2020/11,10,0,879,811,,35,48,551,100,879,137,,,2481000,,,551,
0032648,ｃｏｌｙ,2020/01,10,0,1092,3359,,6,9,739,5,1092,273,,,100,,,739,
0032651,ヒューマンクリエイションホール,2020/09,10,0,1409,570,,556,266,486,117,1409,284,,,616250,,,486,
0032652,ココナラ,2020/08,10,0,1945,1775,,730,,171,90,1945,-83,,,20474000,,,171,
0032653,ｉ−ｐｌｕｇ,2020/03,10,0,1359,1314,,111,462,181,215,1359,-55,,,346250,,,181,
0032654,Ｔ．Ｓ．Ｉ,2020/12,10,0,754,2436,,156,19,204,98,754,108,,,1228000,,,204,
0032655,Ｓｈａｒｉｎｇ　Ｉｎｎｏｖａｔ,2020/12,10,0,1586,3781,,,,1057,330,1586,289,,,3660000,,1,1058,
0032657,ベビーカレンダー,2020/12,10,0,502,893,,11,13,345,56,502,96,,,743000,,,345,
0032660,ブロードマインド,2020/03,10,0,2823,2935,,466,9,1845,283,2823,266,,,45700,,,1845,
0032661,ジーネクスト,2020/03,10,0,238,526,,85,141,-96,263,238,-181,,,64445,,,-96,
0032662,スパイダープラス,2020/12,10,0,905,1973,,175,90,408,100,905,108,,,28808100,,,408,
0032663,Ａｐｐｉｅｒ　Ｇｒｏｕｐ,2020/12,10,0,16387,,,600,,15732,,16387,-57,,,1,,,15732,
0032676,琉球アスティーダスポーツクラブ,2020/12,10,0,291,398,,6,133,79,68,291,8,,,1393500,,,79,
0032678,ビジョナル,2020/07,10,0,12235,1385,,876,,10214,100,12235,-37,,,232353,,20,10234,
0032682,メイホーホールディングス,2020/06,10,0,1671,378,,997,329,269,100,1671,14,,,600,,,269,
0032684,ワンダープラネット,2020/08,10,0,2377,3433,,211,28,1043,100,2377,297,,,2022488,,,1043,
0032685,Ｅｎｊｉｎ,2020/05,10,0,1458,1528,,,,810,30,1458,438,,,60000,,,810,
0032687,全研本社,2020/06,10,0,11419,5405,,189,999,8830,56,11419,570,,,11210000,,,8830,
0032688,デコルテ・ホールディングス,2020/09,10,0,6992,649,,886,3674,2166,100,6992,46,,,2800000,,,2166,
0032689,ペイロール,2020/03,10,0,16047,7273,,600,5750,8079,100,16047,420,,,17478100,,6,8085,
0032690,アイドマ・ホールディングス,2020/08,10,0,1494,1746,,450,,502,49,1494,200,,,214200,,,502,
0032693,ベイシス,2020/06,10,0,1696,3263,,560,105,630,93,1696,117,,,31242,,,630,
0032695,ＢｌｕｅＭｅｍｅ,2020/03,10,0,1259,1668,,133,208,358,188,1259,33,,,1025000,,,358,
0032698,プラスアルファ・コンサルティン,2020/09,10,0,4473,4726,,,,3565,10,4473,1445,,,1000000,,11,3576,
0032702,ＢＣＣ,2020/09,10,0,467,1031,,32,50,209,24,467,45,,,14350,,,209,
0032708,アシロ,2020/10,10,0,1744,1463,,386,274,863,100,1744,217,,,6000000,,,863,
0032710,サーキュレーション,2020/07,10,0,1802,3995,,369,846,67,12,1802,-140,,,10190,,,67,
0032711,ブレインズテクノロジー,2020/07,10,0,520,631,,84,117,80,72,520,64,,,47500,,,80,
0032713,デリバリーコンサルティング,2020/07,10,0,634,1394,,105,118,176,29,634,110,,,52540,,3,179,
0033960,イチネンホールディングス,2020/03,10,0,100109,4075,,25184,53060,19836,2529,100109,2968,,,24612227,,26,19862,
0035013,ディップ,2020/02,10,0,41114,46415,,,,30566,1085,41114,14281,,,62000000,,946,31512,
0035015,トランスジェニック,2020/03,10,0,4502,437,,,,4207,3484,4502,-210,,,17369141,,,4207,
0035056,クシム,2020/10,10,0,1679,1029,,20,57,1389,705,1679,36,,,4004600,,11,1400,
0035143,イオレ,2020/03,10,0,1428,1844,,,,1151,737,1428,26,,,2312500,,2,1153,
0035150,富士テクノソリューションズ,2020/03,10,0,,,,,,,,,,,,807600,,,,
0035211,セントケア・ホールディング,2020/03,10,0,12620,2842,,569,1308,9057,1734,12620,737,,,24828786,,111,9168,
0035905,ＷＯＷ　ＷＯＲＬＤ,2020/03,10,0,1893,1533,,,,1541,322,1893,485,,,4412400,,,1541,
0035940,サイオス,2020/12,10,0,2774,1002,,123,805,1643,1481,2774,96,,,8874400,,,1643,
0035966,ＤＮＡチップ研究所,2020/03,10,0,743,361,,,,627,416,743,-127,,,5089700,,26,653,
0035967,日本ファルコム,2020/09,10,0,7682,2496,,,,6821,164,7682,1352,,,10280000,,,6821,
0036015,博報堂ＤＹホールディングス,2020/03,10,0,447183,36862,,,105000,258636,10491,447183,35826,,,389146249,,,258636,
0036258,ジェイック,2020/01,10,0,2075,2956,,144,398,1027,252,2075,332,,,905800,,,1027,
0036283,ラクス,2020/03,10,0,5732,8217,,3,,4651,378,5732,836,,,90608000,,,4651,
0036396,ＷＤＢホールディングス,2020/03,10,0,11816,2576,,,,11036,1000,11816,2283,,,20060000,,,11036,
0036704,キャリアリンク,2020/02,10,0,6337,14597,,319,297,3395,388,6337,535,,,12555800,,33,3428,
0036870,青山財産ネットワークス,2020/12,10,0,14074,15769,,1662,4615,5991,1153,14074,995,,,12142400,,193,6184,
0036921,コネクシオ,2020/03,10,0,95757,209005,,,,46287,2778,95757,10386,,,44737938,,,46287,
0037112,ブラス,2020/07,10,0,12321,7987,,1773,4680,2321,534,12321,-1196,,,5709300,,,2321,
0037535,フォーラムエンジニアリング,2020/03,10,0,17059,32115,,,,12842,105,17059,3097,,,26673900,,,12842,
0037633,要興業,2020/03,10,0,19452,9605,,559,1281,15205,827,19452,767,,,15871400,,,15205,
0037892,カナモト,2020/10,10,0,232009,118654,,9860,23490,103802,17829,232009,8256,,,38742241,,,103802,
0038059,エスユーエス,2020/09,10,0,3852,8932,,,,2422,430,3852,451,,,8784400,,,2422,
0038239,中広,2020/03,10,0,3561,6936,,492,100,2025,404,3561,5,,,7044000,,,2025,
0038443,ＣＡＲＴＡ　ＨＯＬＤＩＮＧＳ,2020/12,10,0,19931,3094,,5920,,13704,1111,19931,2641,,,25496852,,7,13711,
0038689,ＫＬａｂ,2020/12,10,0,23855,33622,,741,1003,17001,4909,23855,916,,,38475100,,11,17012,
0038793,日本郵政,2020/03,10,0,8129402,289447,,,,8031667,3500000,8129402,363246,,,4500000000,,,8031667,
0038831,コンピュータマインド,2020/03,10,0,298,404,,,,112,,298,,,,450000,,,112,
0038852,ＳＲＡホールディングス,2020/03,10,0,8926,2592,,228,,8611,1000,8926,2252,,,15240000,,10,8621,
0040229,ブリッジインターナショナル,2020/12,10,0,3150,3646,,33,66,2451,539,3150,450,,,3582200,,,2451,
0040455,アイネス,2020/03,10,0,48399,36495,,,,36147,15000,48399,2397,,,23900000,,,36147,
0040523,碧,2020/09,10,0,1280,602,,15,900,249,55,1280,-154,,,590000,,,249,
0040726,チムニー,2020/03,10,0,20236,39282,,295,,14039,5772,20236,-2551,,,19340800,,,14039,
0040847,メタウォーター,2020/03,10,0,100318,103317,,272,1360,44724,11946,100318,6121,,,25923500,,,44724,
0040877,オークネット,2020/12,10,0,25232,13916,,703,,13947,1765,25232,1731,,,27863500,,,13947,
0040943,ミダック,2020/03,10,0,10678,3516,,3716,2086,3903,752,10678,741,,,13386750,,,3903,
0041247,ウイングアーク１ｓｔ,2020/02,10,0,46418,18085,,2000,16250,14947,200,46418,3070,,,31198000,,51,14998,
0041270,アイモバイル,2020/07,10,0,14964,12833,,,,12994,140,14964,1978,,,21779766,,,12994,
0041308,ジーニー,2020/03,10,0,4142,12999,,199,50,2558,1545,4142,-218,,,17958200,,1,2559,
0041355,アジャイルメディア・ネットワー,2020/12,10,0,740,590,,117,248,272,526,740,-360,,,2485180,,7,279,
0041473,ステムセル研究所,2020/03,10,0,3564,1676,,,,1259,374,3564,382,,,4867100,,,1259,
0041495,ＮｅｘＴｏｎｅ,2020/03,10,0,4071,4234,,,,2060,1113,4071,298,,,3079000,,,2060,
0041508,かっこ,2020/12,10,0,1822,831,,219,291,1145,362,1822,115,,,2619581,,3,1148,
0041638,ＨＥＲＯＺ,2020/04,10,0,6408,1544,,,,6182,2269,6408,364,,,14917428,,,6182,
0041655,マネーフォワード,2020/11,10,0,19981,8368,,910,2990,12616,9614,19981,-1822,,,23851218,,46,12662,
0041686,ＷＡＣＵＬ,2020/02,10,0,504,485,,51,99,284,426,504,-141,,,114000,,2,286,
0041769,ＡＩ　ＣＲＯＳＳ,2020/12,10,0,1507,1908,,18,36,1184,470,1507,192,,,3995050,,,1184,
0041785,フィードフォース,2020/05,10,0,3250,933,,350,1680,892,448,3250,117,,,5632600,,,892,
0041787,ビザスク,2020/02,10,0,648,983,,11,190,99,18,648,53,,,7685000,,,99,
0041789,ギフティ,2020/12,10,0,6265,3076,,,,4416,1567,6265,1128,,,26962600,,10,4426,
0041798,Ｃｈａｔｗｏｒｋ,2020/12,10,0,2535,2424,,,,1790,1409,2535,326,,,36880640,,,1790,
0041815,メルカリ,2020/06,10,0,104683,58744,,900,51547,38884,41440,104683,-25587,,,156150364,,,38884,
0041826,ＥＮＥＣＨＡＮＧＥ,2020/12,10,0,1939,1505,,9,750,841,906,1939,-11,,,5781476,,14,855,
0044013,サイバートラスト,2020/03,10,0,4897,4419,,,,3434,540,4897,517,,,3660600,,,3434,
0044619,ベース,2020/12,10,0,9938,11812,,448,266,6654,1042,9938,2337,,,8929200,,2,6656,
0044664,ラキール,2020/12,10,0,3625,4980,,792,771,1071,341,3625,238,,,6388500,,,1071,
0044798,コンフィデンス,2020/03,10,0,993,2464,,90,202,235,257,993,-279,,,21350,,,235,
0046286,タカミヤ,2020/03,10,0,51763,38061,,9600,14874,16849,1050,51763,2564,,,46577000,,306,17155,
0047808,船場,2020/12,10,0,13169,19399,,,300,8630,288,13169,543,,,10200559,,,8630,
0050018,ＷＡＳＨハウス,2020/12,10,0,4106,2143,,578,129,1873,995,4106,-126,,,6898800,,,1873,
0050070,エディア,2020/02,10,0,1518,1392,,359,27,885,1461,1518,-228,,,6059600,,,885,
0050537,ショーケース,2020/12,10,0,2915,1443,,328,253,2137,953,2915,35,,,8561900,,,2137,
0050568,土木管理総合試験所,2020/12,10,0,6118,6059,,50,154,4512,1204,6118,573,,,14997695,,,4512,
0050577,オロ,2020/12,10,0,8109,5022,,,,6881,1193,8109,1681,,,16606453,,,6881,
0050579,アトラエ,2020/09,10,0,4897,3430,,,,4391,1123,4897,622,,,13362600,,,4391,
0050913,エル・ティー・エス,2020/12,10,0,3633,3910,,254,813,1789,529,3633,430,,,4197400,,,1789,
0050915,ソウルドアウト,2020/12,10,0,5907,19117,,500,,2369,600,5907,224,,,10469300,,,2369,
0051041,ＡＬＢＥＲＴ,2020/12,10,0,3749,2703,,96,24,3359,1022,3749,157,,,4452500,,2,3361,
0051417,アイリックコーポレーション,2020/06,10,0,3765,3751,,,,3398,1319,3765,445,,,8538000,,,3398,
0051487,Ａｉｍｉｎｇ,2020/12,10,0,6712,11903,,,,4988,4282,6712,1653,,,39573100,,,4988,
0051810,フェニックスバイオ,2020/03,10,0,2774,1310,,220,1002,1204,2259,2774,-614,,,2934000,,,1204,
0051881,アイキューブドシステムズ,2020/06,10,0,1336,1641,,,,704,100,1336,399,,,5011350,,,704,
0052069,メタップス,2020/12,10,0,7223,1176,,875,1499,4244,5443,7223,950,,,13566910,,11,4255,
0052486,Ｆａｓｔ　Ｆｉｔｎｅｓｓ　Ｊａ,2020/03,10,0,6659,6085,,6,4,2587,201,6659,2233,,,9250000,,,2587,
0052620,バーチャレクス・ホールディング,2020/03,10,0,1637,257,,675,443,500,598,1637,-415,,,2943153,,,500,
0052737,ユナイテッド＆コレクティブ,2020/02,10,0,5476,8004,,589,1836,1640,599,5476,116,,,3011300,,,1640,
0052771,東計電算,2020/12,10,0,33333,15524,,128,,26806,1370,33333,3577,,,9350000,,24,26830,
0053146,キュービーネットホールディング,2020/06,10,0,5553,353,,,,5323,1214,5553,-37,,,12735300,,110,5433,
0053640,ウォンテッドリー,2020/08,10,0,1942,3092,,,,1046,244,1942,413,,,9330900,,1,1047,
0053835,ラクスル,2020/07,10,0,19379,21494,,40,10043,6692,2152,19379,-388,,,28270090,,109,6801,
0054076,インターネットインフィニティー,2020/03,10,0,2458,3575,,638,187,852,252,2458,190,,,5427771,,,852,
0054116,プロパティデータバンク,2020/03,10,0,2464,1844,,,,1894,331,2464,319,,,5913600,,,1894,
0054134,メイテック,2020/03,10,0,65540,75297,,,,38265,5000,65540,11287,,,29000000,,,38265,
0054396,オープンドア,2020/03,10,0,6487,4742,,,,6040,648,6487,1486,,,31260000,,,6040,
0055174,ユーザベース,2020/12,10,0,12615,5318,,863,3444,6503,7170,12615,-12011,,,36533502,,14,6517,
0055191,ランサーズ,2020/03,10,0,2884,2034,,,,1731,1675,2884,-333,,,15505100,,,1731,
0055192,Ｓａｎｓａｎ,2020/05,10,0,22881,13358,,1287,3892,10602,6236,22881,383,,,31138853,,10,10612,
0055559,ニーズウェル,2020/09,10,0,2997,5364,,,,2231,415,2997,505,,,8505200,,,2231,
0056484,日本管財,2020/03,10,0,53841,64076,,375,1125,40444,3000,53841,5479,,,41180306,,,40444,
0056913,日本ハウズイング,2020/03,10,0,43274,88461,,166,56,29972,2492,43274,5326,,,16080000,,,29972,
0068141,ＣＡＣ　Ｈｏｌｄｉｎｇｓ,2020/12,10,0,25224,391,,,2000,22227,3702,25224,-231,,,20541400,,,22227,
0091021,ショクブン,2020/03,10,0,4828,6644,,2895,538,456,1148,4828,127,,,11856669,,,456,
0091024,アトム,2020/03,10,0,25915,45441,,1414,2559,12373,4073,25915,-3977,,,184559297,,,12373,
0091061,フォーカスシステムズ,2020/03,10,0,15361,22703,,1401,1551,8885,2905,15361,1430,,,16292942,,,8885,
0091098,ＥＭシステムズ,2020/12,10,0,21606,12078,,,,16713,2785,21606,1894,,,74514800,,55,16768,
